security_id,quarter_end,institutional_shares,num_institutions
AAPL,2013-06-30,505719521.0,1491
AAPL,2013-09-30,509095501.0,1613
AAPL,2013-12-31,510528177.0,1787
AAPL,2014-03-31,500643870.0,1793
AAPL,2014-06-30,3531567463.0,1851
AAPL,2014-09-30,3425498010.0,1875
AAPL,2014-12-31,2788597275.0,1749
AAPL,2015-03-31,3315006449.0,2074
AAPL,2015-06-30,2981447947.0,2059
AAPL,2015-09-30,2481587228.0,1808
AAPL,2015-12-31,2312468087.0,1805
AAPL,2016-03-31,2436930253.0,1819
AAPL,2016-06-30,2438941753.0,1778
AAPL,2016-09-30,2922538530.0,2032
AAPL,2016-12-31,2958805877.0,2193
AAPL,2017-03-31,3131655272.0,2330
AAPL,2017-06-30,3057494175.0,2294
AAPL,2017-09-30,2991324508.0,2324
AAPL,2017-12-31,3041093740.0,2515
AAPL,2018-03-31,2906155518.0,2577
AAPL,2018-06-30,2845906241.0,2554
AAPL,2018-09-30,2763799225.0,2625
AAPL,2018-12-31,2717936556.0,2781
AAPL,2019-03-31,2681082410.0,2832
AAPL,2019-06-30,2233931813.0,2769
AAPL,2019-09-30,2596129074.0,2818
AAPL,2019-12-31,2533957018.0,3110
AAPL,2020-03-31,2535915242.0,3146
AAPL,2020-06-30,2560694734.0,3184
AAPL,2020-09-30,6189408575.0,2927
AAPL,2020-12-31,6603810255.0,2990
AAPL,2021-03-31,6358280635.0,3151
AAPL,2021-06-30,6134570165.0,3217
AAPL,2021-09-30,5288371387.0,3044
AAPL,2021-12-31,9067163340.0,3817
AAPL,2022-03-31,5828320173.0,3549
AAPL,2022-06-30,5743541113.0,3549
AAPL,2022-09-30,8334333223.0,3965
AAPL,2022-12-31,9176568022.0,4101
AAPL,2023-03-31,9023499745.0,4169
AAPL,2023-06-30,8869453313.0,4206
AAPL,2023-09-30,8701818107.0,4242
AAPL,2024-03-31,9049302572.0,4687
AAPL,2024-06-30,9234292543.0,4792
AAPL,2024-09-30,9057876631.0,4796
AAPL,2024-12-31,9358437073.0,5232
AAPL,2025-03-31,9111470753.0,5312
AAPL,2025-06-30,9187618069.0,5310
AAPL,2025-09-30,9111397690.0,5320
AAPL,2025-12-31,7510444564.0,5200
AAPL,2026-03-31,7663654138.0,5885
ABBV,2013-06-30,1011340571.0,997
ABBV,2013-09-30,1040512015.0,1061
ABBV,2013-12-31,1028500137.0,1180
ABBV,2014-03-31,1045888602.0,1191
ABBV,2014-06-30,1072809769.0,1226
ABBV,2014-09-30,1213815958.0,1276
ABBV,2014-12-31,923046615.0,1217
ABBV,2015-03-31,1075960930.0,1380
ABBV,2015-06-30,1136912254.0,1427
ABBV,2015-09-30,782774733.0,1222
ABBV,2015-12-31,739052845.0,1191
ABBV,2016-03-31,766701149.0,1232
ABBV,2016-06-30,749283033.0,1229
ABBV,2016-09-30,1047956321.0,1373
ABBV,2016-12-31,866285020.0,1422
ABBV,2017-03-31,1062799563.0,1510
ABBV,2017-06-30,1067993104.0,1508
ABBV,2017-09-30,1085954831.0,1563
ABBV,2017-12-31,1093231347.0,1704
ABBV,2018-03-31,1085896230.0,1772
ABBV,2018-06-30,1031114463.0,1731
ABBV,2018-09-30,1028800105.0,1717
ABBV,2018-12-31,1008745499.0,1804
ABBV,2019-03-31,1001526626.0,1817
ABBV,2019-06-30,864841430.0,1781
ABBV,2019-09-30,1027251656.0,1789
ABBV,2019-12-31,930498010.0,1998
ABBV,2020-03-31,1051791662.0,2006
ABBV,2020-06-30,1185309574.0,2168
ABBV,2020-09-30,812778712.0,1932
ABBV,2020-12-31,832557056.0,1961
ABBV,2021-03-31,828504506.0,2067
ABBV,2021-06-30,770799862.0,2144
ABBV,2021-09-30,710312405.0,2019
ABBV,2021-12-31,1129010920.0,2535
ABBV,2022-03-31,780877764.0,2403
ABBV,2022-06-30,781970427.0,2398
ABBV,2022-09-30,1078581886.0,2651
ABBV,2022-12-31,1199747460.0,2800
ABBV,2023-03-31,1186189882.0,2846
ABBV,2023-06-30,1153519323.0,2749
ABBV,2023-09-30,1145674131.0,2797
ABBV,2024-03-31,1213349835.0,3091
ABBV,2024-06-30,1246094973.0,3100
ABBV,2024-09-30,1224242140.0,3229
ABBV,2024-12-31,1262714716.0,3426
ABBV,2025-03-31,1232109103.0,3564
ABBV,2025-06-30,1232464026.0,3520
ABBV,2025-09-30,1250415828.0,3653
ABBV,2025-12-31,1092211704.0,3537
ABBV,2026-03-31,1072402487.0,3914
ABT,2013-06-30,949368675.0,1078
ABT,2013-09-30,972152946.0,1130
ABT,2013-12-31,996670325.0,1198
ABT,2014-03-31,977697049.0,1227
ABT,2014-06-30,984786392.0,1236
ABT,2014-09-30,993360610.0,1247
ABT,2014-12-31,909419009.0,1174
ABT,2015-03-31,998638908.0,1332
ABT,2015-06-30,931527265.0,1331
ABT,2015-09-30,821664124.0,1181
ABT,2015-12-31,784795009.0,1157
ABT,2016-03-31,841713420.0,1156
ABT,2016-06-30,886538796.0,1149
ABT,2016-09-30,1013552024.0,1280
ABT,2016-12-31,1028460874.0,1363
ABT,2017-03-31,1205296403.0,1481
ABT,2017-06-30,1220641834.0,1439
ABT,2017-09-30,1232132553.0,1468
ABT,2017-12-31,1222551206.0,1579
ABT,2018-03-31,1241703237.0,1683
ABT,2018-06-30,1255107873.0,1669
ABT,2018-09-30,1250875508.0,1732
ABT,2018-12-31,1319585485.0,1811
ABT,2019-03-31,1292518363.0,1883
ABT,2019-06-30,1117454913.0,1861
ABT,2019-09-30,1288513273.0,1902
ABT,2019-12-31,1108566272.0,2033
ABT,2020-03-31,1286522848.0,2008
ABT,2020-06-30,1283840352.0,2118
ABT,2020-09-30,973727353.0,1987
ABT,2020-12-31,1051514167.0,1965
ABT,2021-03-31,1018007990.0,2081
ABT,2021-06-30,813469768.0,2095
ABT,2021-09-30,744686075.0,1988
ABT,2021-12-31,1242621022.0,2475
ABT,2022-03-31,832427659.0,2229
ABT,2022-06-30,810647601.0,2200
ABT,2022-09-30,1156707903.0,2392
ABT,2022-12-31,1263024512.0,2502
ABT,2023-03-31,1258253873.0,2502
ABT,2023-06-30,1227773241.0,2501
ABT,2023-09-30,1214878788.0,2474
ABT,2024-03-31,1275973025.0,2729
ABT,2024-06-30,1308136365.0,2700
ABT,2024-09-30,1272632459.0,2740
ABT,2024-12-31,1339212574.0,2864
ABT,2025-03-31,1327659896.0,3018
ABT,2025-06-30,1333041778.0,3033
ABT,2025-09-30,1341620090.0,3011
ABT,2025-12-31,1149480381.0,2817
ABT,2026-03-31,1164382316.0,2996
ADBE,2013-06-30,377922078.0,462
ADBE,2013-09-30,429476160.0,501
ADBE,2013-12-31,427912167.0,562
ADBE,2014-03-31,433609851.0,565
ADBE,2014-06-30,443182748.0,579
ADBE,2014-09-30,424111873.0,577
ADBE,2014-12-31,330975464.0,526
ADBE,2015-03-31,440776955.0,612
ADBE,2015-06-30,430658575.0,608
ADBE,2015-09-30,342175741.0,542
ADBE,2015-12-31,336308842.0,552
ADBE,2016-03-31,310783535.0,613
ADBE,2016-06-30,366064459.0,634
ADBE,2016-09-30,419569449.0,768
ADBE,2016-12-31,421142604.0,793
ADBE,2017-03-31,416879750.0,875
ADBE,2017-06-30,422554936.0,909
ADBE,2017-09-30,424717753.0,959
ADBE,2017-12-31,421789277.0,1030
ADBE,2018-03-31,417134808.0,1162
ADBE,2018-06-30,411734897.0,1206
ADBE,2018-09-30,406655663.0,1258
ADBE,2018-12-31,450093381.0,1290
ADBE,2019-03-31,416396191.0,1378
ADBE,2019-06-30,356407387.0,1385
ADBE,2019-09-30,406092699.0,1409
ADBE,2019-12-31,381724950.0,1562
ADBE,2020-03-31,401494317.0,1643
ADBE,2020-06-30,407371409.0,1782
ADBE,2020-09-30,293211133.0,1637
ADBE,2020-12-31,320634058.0,1614
ADBE,2021-03-31,292466039.0,1688
ADBE,2021-06-30,276532775.0,1783
ADBE,2021-09-30,239912204.0,1714
ADBE,2021-12-31,374005203.0,2139
ADBE,2022-03-31,276395226.0,1848
ADBE,2022-06-30,261416233.0,1771
ADBE,2022-09-30,337631351.0,1918
ADBE,2022-12-31,358909087.0,2049
ADBE,2023-03-31,360460137.0,2114
ADBE,2023-06-30,352389402.0,2277
ADBE,2023-09-30,345204231.0,2358
ADBE,2024-03-31,356652826.0,2582
ADBE,2024-06-30,361329510.0,2579
ADBE,2024-09-30,344441482.0,2591
ADBE,2024-12-31,348102077.0,2641
ADBE,2025-03-31,333542391.0,2533
ADBE,2025-06-30,336723159.0,2527
ADBE,2025-09-30,331202837.0,2334
ADBE,2025-12-31,270091310.0,2100
ADBE,2026-03-31,270376739.0,2095
AEP,2013-06-30,287476058.0,549
AEP,2013-09-30,296179885.0,581
AEP,2013-12-31,302764100.0,608
AEP,2014-03-31,304363699.0,627
AEP,2014-06-30,308929350.0,644
AEP,2014-09-30,314072435.0,662
AEP,2014-12-31,269346582.0,616
AEP,2015-03-31,314101323.0,702
AEP,2015-06-30,296652308.0,690
AEP,2015-09-30,258073028.0,628
AEP,2015-12-31,233788351.0,616
AEP,2016-03-31,267637213.0,650
AEP,2016-06-30,263978408.0,665
AEP,2016-09-30,316653118.0,743
AEP,2016-12-31,332364371.0,774
AEP,2017-03-31,343277863.0,802
AEP,2017-06-30,352513878.0,809
AEP,2017-09-30,343959148.0,822
AEP,2017-12-31,350293144.0,888
AEP,2018-03-31,349858609.0,921
AEP,2018-06-30,354101257.0,889
AEP,2018-09-30,352025870.0,928
AEP,2018-12-31,355369521.0,989
AEP,2019-03-31,362315187.0,1052
AEP,2019-06-30,301869312.0,1030
AEP,2019-09-30,360348399.0,1052
AEP,2019-12-31,335425916.0,1122
AEP,2020-03-31,365902609.0,1078
AEP,2020-06-30,361075651.0,1057
AEP,2020-09-30,243873330.0,957
AEP,2020-12-31,265077093.0,949
AEP,2021-03-31,237154619.0,977
AEP,2021-06-30,209533319.0,998
AEP,2021-09-30,201582428.0,915
AEP,2021-12-31,359384478.0,1149
AEP,2022-03-31,225418658.0,1094
AEP,2022-06-30,222247368.0,1098
AEP,2022-09-30,340770966.0,1224
AEP,2022-12-31,374440480.0,1257
AEP,2023-03-31,374265778.0,1253
AEP,2023-06-30,362130545.0,1195
AEP,2023-09-30,370016023.0,1175
AEP,2024-03-31,399146701.0,1279
AEP,2024-06-30,401224385.0,1347
AEP,2024-09-30,404232361.0,1407
AEP,2024-12-31,407990643.0,1434
AEP,2025-03-31,440013958.0,1591
AEP,2025-06-30,423758538.0,1563
AEP,2025-09-30,439303844.0,1634
AEP,2025-12-31,348266005.0,1569
AEP,2026-03-31,378247404.0,1859
AMZN,2013-06-30,294841768.0,707
AMZN,2013-09-30,293569140.0,764
AMZN,2013-12-31,294949026.0,904
AMZN,2014-03-31,297576313.0,921
AMZN,2014-06-30,298449343.0,874
AMZN,2014-09-30,297803995.0,874
AMZN,2014-12-31,258907837.0,787
AMZN,2015-03-31,308288671.0,999
AMZN,2015-06-30,292895412.0,1056
AMZN,2015-09-30,216927850.0,982
AMZN,2015-12-31,225397417.0,1072
AMZN,2016-03-31,187550030.0,1100
AMZN,2016-06-30,204347782.0,1150
AMZN,2016-09-30,298299028.0,1406
AMZN,2016-12-31,266034386.0,1536
AMZN,2017-03-31,299226961.0,1714
AMZN,2017-06-30,285839583.0,1758
AMZN,2017-09-30,282101639.0,1808
AMZN,2017-12-31,285676461.0,1997
AMZN,2018-03-31,271879947.0,2139
AMZN,2018-06-30,277147260.0,2191
AMZN,2018-09-30,268575191.0,2277
AMZN,2018-12-31,267006999.0,2405
AMZN,2019-03-31,270351628.0,2524
AMZN,2019-06-30,221867990.0,2507
AMZN,2019-09-30,274671209.0,2525
AMZN,2019-12-31,260162927.0,2805
AMZN,2020-03-31,284422700.0,2975
AMZN,2020-06-30,297128170.0,3076
AMZN,2020-09-30,235683347.0,2745
AMZN,2020-12-31,212228513.0,2796
AMZN,2021-03-31,200940517.0,2948
AMZN,2021-06-30,187481558.0,3016
AMZN,2021-09-30,165538136.0,2825
AMZN,2021-12-31,289333240.0,3687
AMZN,2022-03-31,194347182.0,3268
AMZN,2022-06-30,3733612699.0,3176
AMZN,2022-09-30,5378333944.0,3736
AMZN,2022-12-31,5797122940.0,3724
AMZN,2023-03-31,5741159885.0,3845
AMZN,2023-06-30,5754041611.0,3979
AMZN,2023-09-30,5817009904.0,4047
AMZN,2024-03-31,6240359178.0,4543
AMZN,2024-06-30,6463332314.0,4611
AMZN,2024-09-30,6320979765.0,4640
AMZN,2024-12-31,6665450722.0,5143
AMZN,2025-03-31,6548585932.0,5198
AMZN,2025-06-30,6632954435.0,5279
AMZN,2025-09-30,6683501206.0,5294
AMZN,2025-12-31,5355626557.0,5020
AMZN,2026-03-31,5862263499.0,5806
APD,2013-06-30,175285729.0,557
APD,2013-09-30,173867830.0,617
APD,2013-12-31,183442388.0,648
APD,2014-03-31,179304847.0,677
APD,2014-06-30,180022191.0,694
APD,2014-09-30,180536393.0,707
APD,2014-12-31,115966374.0,636
APD,2015-03-31,187899566.0,756
APD,2015-06-30,173255472.0,755
APD,2015-09-30,103520836.0,595
APD,2015-12-31,95927046.0,595
APD,2016-03-31,131484604.0,630
APD,2016-06-30,130758891.0,631
APD,2016-09-30,179186500.0,743
APD,2016-12-31,186276804.0,794
APD,2017-03-31,190932626.0,812
APD,2017-06-30,187334265.0,815
APD,2017-09-30,187488772.0,838
APD,2017-12-31,190561655.0,908
APD,2018-03-31,189129942.0,920
APD,2018-06-30,186828782.0,924
APD,2018-09-30,186860828.0,965
APD,2018-12-31,189328028.0,1005
APD,2019-03-31,191014160.0,1053
APD,2019-06-30,157156906.0,1043
APD,2019-09-30,182775635.0,1085
APD,2019-12-31,170258171.0,1167
APD,2020-03-31,181305367.0,1113
APD,2020-06-30,182742538.0,1173
APD,2020-09-30,146108046.0,1134
APD,2020-12-31,148888838.0,1088
APD,2021-03-31,148845641.0,1145
APD,2021-06-30,126775783.0,1160
APD,2021-09-30,114484364.0,1061
APD,2021-12-31,179318335.0,1362
APD,2022-03-31,127719833.0,1171
APD,2022-06-30,136967659.0,1175
APD,2022-09-30,167602197.0,1341
APD,2022-12-31,184684538.0,1469
APD,2023-03-31,181113735.0,1467
APD,2023-06-30,176821054.0,1481
APD,2023-09-30,175388895.0,1491
APD,2024-03-31,180108102.0,1565
APD,2024-06-30,192690944.0,1582
APD,2024-09-30,191523832.0,1577
APD,2024-12-31,198849305.0,1684
APD,2025-03-31,198767972.0,1697
APD,2025-06-30,202428320.0,1666
APD,2025-09-30,203825128.0,1622
APD,2025-12-31,171643574.0,1409
APD,2026-03-31,171066686.0,1728
AVGO,2018-03-31,79722539.0,115
AVGO,2018-06-30,357257126.0,878
AVGO,2018-09-30,345497213.0,896
AVGO,2018-12-31,334945617.0,976
AVGO,2019-03-31,331620630.0,1081
AVGO,2019-06-30,293865866.0,1082
AVGO,2019-09-30,326662503.0,1091
AVGO,2019-12-31,219770114.0,1192
AVGO,2020-03-31,322464253.0,1157
AVGO,2020-06-30,325224550.0,1239
AVGO,2020-09-30,259342225.0,1164
AVGO,2020-12-31,269037698.0,1205
AVGO,2021-03-31,270528641.0,1307
AVGO,2021-06-30,159020548.0,1372
AVGO,2021-09-30,146500818.0,1304
AVGO,2021-12-31,319650490.0,1737
AVGO,2022-03-31,161082574.0,1579
AVGO,2022-06-30,162166790.0,1536
AVGO,2022-09-30,304581664.0,1790
AVGO,2022-12-31,327819590.0,1899
AVGO,2023-03-31,361050687.0,1993
AVGO,2023-06-30,314158648.0,2143
AVGO,2023-09-30,315446505.0,2211
AVGO,2024-03-31,343154648.0,2820
AVGO,2024-06-30,354757891.0,3015
AVGO,2024-09-30,3387600621.0,3150
AVGO,2024-12-31,3533959518.0,3586
AVGO,2025-03-31,3429311668.0,3570
AVGO,2025-06-30,3503578456.0,3825
AVGO,2025-09-30,3498299366.0,4020
AVGO,2025-12-31,2897083005.0,3922
AVGO,2026-03-31,2998756987.0,4471
AXP,2013-06-30,697677104.0,888
AXP,2013-09-30,855970764.0,963
AXP,2013-12-31,846985243.0,1048
AXP,2014-03-31,850960020.0,1083
AXP,2014-06-30,848831759.0,1083
AXP,2014-09-30,835482973.0,1102
AXP,2014-12-31,576074674.0,1054
AXP,2015-03-31,807463997.0,1196
AXP,2015-06-30,736862170.0,1142
AXP,2015-09-30,470211222.0,1013
AXP,2015-12-31,507102406.0,970
AXP,2016-03-31,539720287.0,932
AXP,2016-06-30,505396188.0,916
AXP,2016-09-30,717954450.0,1014
AXP,2016-12-31,734474832.0,1129
AXP,2017-03-31,731472694.0,1168
AXP,2017-06-30,719585707.0,1151
AXP,2017-09-30,703703227.0,1196
AXP,2017-12-31,712882040.0,1300
AXP,2018-03-31,705773048.0,1346
AXP,2018-06-30,708616536.0,1326
AXP,2018-09-30,701710297.0,1358
AXP,2018-12-31,699018717.0,1402
AXP,2019-03-31,695119288.0,1498
AXP,2019-06-30,628199173.0,1456
AXP,2019-09-30,681824844.0,1488
AXP,2019-12-31,665146830.0,1573
AXP,2020-03-31,676493085.0,1445
AXP,2020-06-30,676116594.0,1485
AXP,2020-09-30,373970488.0,1331
AXP,2020-12-31,398414307.0,1350
AXP,2021-03-31,363593212.0,1451
AXP,2021-06-30,364671908.0,1530
AXP,2021-09-30,314525877.0,1456
AXP,2021-12-31,628082908.0,1769
AXP,2022-03-31,335113756.0,1658
AXP,2022-06-30,321490733.0,1590
AXP,2022-09-30,581698739.0,1750
AXP,2022-12-31,608169390.0,1829
AXP,2023-03-31,606623243.0,1901
AXP,2023-06-30,593045092.0,1874
AXP,2023-09-30,584328807.0,1836
AXP,2024-03-31,595258298.0,2172
AXP,2024-06-30,599553332.0,2213
AXP,2024-09-30,575308072.0,2303
AXP,2024-12-31,595670252.0,2475
AXP,2025-03-31,583155164.0,2490
AXP,2025-06-30,579810211.0,2589
AXP,2025-09-30,577911261.0,2621
AXP,2025-12-31,347897718.0,2604
AXP,2026-03-31,519754432.0,2809
BA,2013-06-30,539244758.0,845
BA,2013-09-30,549697202.0,936
BA,2013-12-31,550903910.0,1045
BA,2014-03-31,529845908.0,1045
BA,2014-06-30,526192438.0,1059
BA,2014-09-30,517748988.0,1046
BA,2014-12-31,468494303.0,979
BA,2015-03-31,509582685.0,1213
BA,2015-06-30,461359484.0,1180
BA,2015-09-30,372677990.0,1055
BA,2015-12-31,370140565.0,1066
BA,2016-03-31,315798218.0,1047
BA,2016-06-30,312504144.0,1010
BA,2016-09-30,437747123.0,1120
BA,2016-12-31,369655545.0,1271
BA,2017-03-31,437081946.0,1401
BA,2017-06-30,418941063.0,1400
BA,2017-09-30,414602459.0,1513
BA,2017-12-31,414080071.0,1653
BA,2018-03-31,401241382.0,1755
BA,2018-06-30,395698778.0,1754
BA,2018-09-30,390184049.0,1779
BA,2018-12-31,388755313.0,1878
BA,2019-03-31,381923046.0,1988
BA,2019-06-30,290441883.0,1938
BA,2019-09-30,381303129.0,1914
BA,2019-12-31,329634467.0,2025
BA,2020-03-31,343298370.0,1652
BA,2020-06-30,300165317.0,1690
BA,2020-09-30,214683236.0,1483
BA,2020-12-31,241080791.0,1586
BA,2021-03-31,233338264.0,1741
BA,2021-06-30,231136823.0,1754
BA,2021-09-30,206234318.0,1598
BA,2021-12-31,310946292.0,1916
BA,2022-03-31,235536640.0,1735
BA,2022-06-30,242330651.0,1533
BA,2022-09-30,305238559.0,1648
BA,2022-12-31,348769322.0,1942
BA,2023-03-31,359087008.0,2031
BA,2023-06-30,358200844.0,2028
BA,2023-09-30,364002086.0,2000
BA,2024-03-31,388959905.0,2060
BA,2024-06-30,408519231.0,1949
BA,2024-09-30,401730282.0,1823
BA,2024-12-31,563587834.0,2027
BA,2025-03-31,550166295.0,2016
BA,2025-06-30,544786024.0,2209
BA,2025-09-30,551701998.0,2260
BA,2025-12-31,422015662.0,2140
BA,2026-03-31,498498919.0,2433
CAT,2013-06-30,375401779.0,924
CAT,2013-09-30,382879336.0,986
CAT,2013-12-31,384856755.0,1054
CAT,2014-03-31,399623008.0,1072
CAT,2014-06-30,407590032.0,1073
CAT,2014-09-30,397194587.0,1063
CAT,2014-12-31,353241355.0,986
CAT,2015-03-31,386769711.0,1051
CAT,2015-06-30,390945633.0,1056
CAT,2015-09-30,257352476.0,872
CAT,2015-12-31,284090865.0,849
CAT,2016-03-31,323280086.0,873
CAT,2016-06-30,306655711.0,854
CAT,2016-09-30,395240100.0,976
CAT,2016-12-31,374850415.0,1037
CAT,2017-03-31,412235091.0,1058
CAT,2017-06-30,404311067.0,1080
CAT,2017-09-30,403849677.0,1166
CAT,2017-12-31,407059320.0,1332
CAT,2018-03-31,394942452.0,1403
CAT,2018-06-30,398919779.0,1382
CAT,2018-09-30,389734579.0,1420
CAT,2018-12-31,375392701.0,1431
CAT,2019-03-31,373361428.0,1499
CAT,2019-06-30,317591193.0,1423
CAT,2019-09-30,354490382.0,1370
CAT,2019-12-31,352065192.0,1531
CAT,2020-03-31,335227193.0,1396
CAT,2020-06-30,354678327.0,1442
CAT,2020-09-30,261344720.0,1418
CAT,2020-12-31,266574557.0,1478
CAT,2021-03-31,257567275.0,1648
CAT,2021-06-30,232150223.0,1664
CAT,2021-09-30,208618570.0,1516
CAT,2021-12-31,346025432.0,1885
CAT,2022-03-31,228314223.0,1752
CAT,2022-06-30,224149972.0,1698
CAT,2022-09-30,307284890.0,1818
CAT,2022-12-31,356031276.0,2077
CAT,2023-03-31,379789449.0,2109
CAT,2023-06-30,340652584.0,2126
CAT,2023-09-30,338752874.0,2209
CAT,2024-03-31,340462403.0,2544
CAT,2024-06-30,340608378.0,2544
CAT,2024-09-30,332888558.0,2661
CAT,2024-12-31,337656050.0,2792
CAT,2025-03-31,318149528.0,2750
CAT,2025-06-30,327021709.0,2877
CAT,2025-09-30,330531201.0,2984
CAT,2025-12-31,270745171.0,3028
CAT,2026-03-31,274741687.0,3625
COP,2013-06-30,709312842.0,1051
COP,2013-09-30,808835424.0,1135
COP,2013-12-31,793588949.0,1233
COP,2014-03-31,778671740.0,1244
COP,2014-06-30,782523614.0,1257
COP,2014-09-30,787434989.0,1274
COP,2014-12-31,723134630.0,1163
COP,2015-03-31,767124510.0,1319
COP,2015-06-30,771634546.0,1260
COP,2015-09-30,504321863.0,1075
COP,2015-12-31,642438835.0,1012
COP,2016-03-31,537503777.0,991
COP,2016-06-30,576216647.0,971
COP,2016-09-30,742724662.0,1077
COP,2016-12-31,709818773.0,1143
COP,2017-03-31,811430184.0,1174
COP,2017-06-30,821290444.0,1113
COP,2017-09-30,821984076.0,1133
COP,2017-12-31,796063206.0,1228
COP,2018-03-31,816847229.0,1301
COP,2018-06-30,816860082.0,1348
COP,2018-09-30,797280044.0,1380
COP,2018-12-31,798148415.0,1388
COP,2019-03-31,808976934.0,1488
COP,2019-06-30,681290735.0,1394
COP,2019-09-30,766203787.0,1371
COP,2019-12-31,725939323.0,1481
COP,2020-03-31,765578975.0,1199
COP,2020-06-30,765073594.0,1268
COP,2020-09-30,566066856.0,1040
COP,2020-12-31,642043627.0,1072
COP,2021-03-31,790501863.0,1201
COP,2021-06-30,658260638.0,1272
COP,2021-09-30,576410979.0,1223
COP,2021-12-31,994898151.0,1536
COP,2022-03-31,623084456.0,1540
COP,2022-06-30,638219389.0,1550
COP,2022-09-30,937806077.0,1766
COP,2022-12-31,964757149.0,1926
COP,2023-03-31,954828581.0,1907
COP,2023-06-30,927121119.0,1892
COP,2023-09-30,932113460.0,1977
COP,2024-03-31,951267518.0,2158
COP,2024-06-30,948879655.0,2164
COP,2024-09-30,947964944.0,2094
COP,2024-12-31,1038701041.0,2271
COP,2025-03-31,1037537846.0,2251
COP,2025-06-30,1007875320.0,2152
COP,2025-09-30,1017342122.0,2150
COP,2025-12-31,758854558.0,1985
COP,2026-03-31,895692563.0,2459
COST,2013-06-30,304284696.0,748
COST,2013-09-30,312818497.0,824
COST,2013-12-31,313033569.0,859
COST,2014-03-31,314816352.0,855
COST,2014-06-30,308556233.0,855
COST,2014-09-30,312468908.0,891
COST,2014-12-31,274692128.0,858
COST,2015-03-31,315544944.0,1024
COST,2015-06-30,307349266.0,1011
COST,2015-09-30,222263068.0,900
COST,2015-12-31,240590886.0,921
COST,2016-03-31,227013647.0,941
COST,2016-06-30,225947386.0,933
COST,2016-09-30,301693185.0,1042
COST,2016-12-31,290509335.0,1117
COST,2017-03-31,310939389.0,1154
COST,2017-06-30,310028147.0,1168
COST,2017-09-30,303309903.0,1167
COST,2017-12-31,311435696.0,1297
COST,2018-03-31,307114096.0,1333
COST,2018-06-30,307283484.0,1343
COST,2018-09-30,301719572.0,1420
COST,2018-12-31,306569874.0,1455
COST,2019-03-31,309429677.0,1528
COST,2019-06-30,264512647.0,1530
COST,2019-09-30,302063076.0,1628
COST,2019-12-31,273656338.0,1782
COST,2020-03-31,295326173.0,1859
COST,2020-06-30,295973667.0,1881
COST,2020-09-30,217456759.0,1770
COST,2020-12-31,227381853.0,1798
COST,2021-03-31,219801941.0,1880
COST,2021-06-30,208295088.0,1938
COST,2021-09-30,183112133.0,1896
COST,2021-12-31,284510084.0,2426
COST,2022-03-31,204990602.0,2278
COST,2022-06-30,202074889.0,2211
COST,2022-09-30,259884109.0,2506
COST,2022-12-31,287435945.0,2599
COST,2023-03-31,336289356.0,2654
COST,2023-06-30,281112105.0,2729
COST,2023-09-30,279664587.0,2762
COST,2024-03-31,295244062.0,3143
COST,2024-06-30,300691665.0,3238
COST,2024-09-30,298077974.0,3312
COST,2024-12-31,301722729.0,3597
COST,2025-03-31,291772240.0,3692
COST,2025-06-30,293157594.0,3759
COST,2025-09-30,292474288.0,3684
COST,2025-12-31,247176636.0,3496
COST,2026-03-31,253494298.0,4061
CRM,2013-06-30,598237927.0,401
CRM,2013-09-30,593953590.0,453
CRM,2013-12-31,562035962.0,468
CRM,2014-03-31,580046427.0,479
CRM,2014-06-30,579165844.0,486
CRM,2014-09-30,582276766.0,495
CRM,2014-12-31,444279832.0,416
CRM,2015-03-31,585383432.0,523
CRM,2015-06-30,564163270.0,583
CRM,2015-09-30,457396561.0,492
CRM,2015-12-31,449134011.0,542
CRM,2016-03-31,338885800.0,563
CRM,2016-06-30,466708561.0,586
CRM,2016-09-30,566920698.0,679
CRM,2016-12-31,575280949.0,703
CRM,2017-03-31,593065521.0,755
CRM,2017-06-30,611752060.0,761
CRM,2017-09-30,613136165.0,782
CRM,2017-12-31,616458231.0,880
CRM,2018-03-31,615572257.0,975
CRM,2018-06-30,620558170.0,1022
CRM,2018-09-30,618279642.0,1109
CRM,2018-12-31,636693026.0,1154
CRM,2019-03-31,628828657.0,1283
CRM,2019-06-30,499420385.0,1233
CRM,2019-09-30,706059133.0,1300
CRM,2019-12-31,702691413.0,1426
CRM,2020-03-31,724896166.0,1486
CRM,2020-06-30,727830418.0,1558
CRM,2020-09-30,508446506.0,1465
CRM,2020-12-31,522836168.0,1469
CRM,2021-03-31,478222771.0,1521
CRM,2021-06-30,477980581.0,1608
CRM,2021-09-30,411215992.0,1583
CRM,2021-12-31,736353749.0,2015
CRM,2022-03-31,521960752.0,1736
CRM,2022-06-30,503740817.0,1620
CRM,2022-09-30,697075356.0,1837
CRM,2022-12-31,733555643.0,1802
CRM,2023-03-31,781458669.0,1989
CRM,2023-06-30,733335343.0,2080
CRM,2023-09-30,715365968.0,2075
CRM,2024-03-31,763637734.0,2567
CRM,2024-06-30,765572893.0,2437
CRM,2024-09-30,741672000.0,2465
CRM,2024-12-31,768292227.0,2867
CRM,2025-03-31,753124328.0,2777
CRM,2025-06-30,746012922.0,2793
CRM,2025-09-30,743149365.0,2644
CRM,2025-12-31,606642931.0,2466
CRM,2026-03-31,628087239.0,2564
CSCO,2013-06-30,3658625736.0,1242
CSCO,2013-09-30,3757583986.0,1301
CSCO,2013-12-31,3633359768.0,1328
CSCO,2014-03-31,3621241502.0,1330
CSCO,2014-06-30,3589153771.0,1350
CSCO,2014-09-30,3651075695.0,1374
CSCO,2014-12-31,3196965647.0,1288
CSCO,2015-03-31,3730811368.0,1508
CSCO,2015-06-30,3749595251.0,1485
CSCO,2015-09-30,2827008183.0,1306
CSCO,2015-12-31,2837077347.0,1314
CSCO,2016-03-31,3011369875.0,1373
CSCO,2016-06-30,2939821902.0,1369
CSCO,2016-09-30,3564676684.0,1553
CSCO,2016-12-31,3583775904.0,1592
CSCO,2017-03-31,3664652492.0,1703
CSCO,2017-06-30,3638398103.0,1655
CSCO,2017-09-30,3661404282.0,1656
CSCO,2017-12-31,3605855099.0,1821
CSCO,2018-03-31,3490768997.0,1951
CSCO,2018-06-30,3369063995.0,1915
CSCO,2018-09-30,3233886429.0,1973
CSCO,2018-12-31,3184514670.0,2074
CSCO,2019-03-31,3138627027.0,2158
CSCO,2019-06-30,2606758778.0,2162
CSCO,2019-09-30,3015021090.0,2133
CSCO,2019-12-31,2919065347.0,2286
CSCO,2020-03-31,2958340959.0,2224
CSCO,2020-06-30,2979836220.0,2295
CSCO,2020-09-30,2159104404.0,2028
CSCO,2020-12-31,2277076064.0,2020
CSCO,2021-03-31,2146309051.0,2165
CSCO,2021-06-30,2024503214.0,2202
CSCO,2021-09-30,1812391368.0,2102
CSCO,2021-12-31,2911852640.0,2588
CSCO,2022-03-31,2016726708.0,2395
CSCO,2022-06-30,2026744204.0,2283
CSCO,2022-09-30,2657611068.0,2506
CSCO,2022-12-31,2880500659.0,2658
CSCO,2023-03-31,2896291736.0,2753
CSCO,2023-06-30,2782202233.0,2723
CSCO,2023-09-30,2784145285.0,2779
CSCO,2024-03-31,2913529829.0,2885
CSCO,2024-06-30,2962792705.0,2830
CSCO,2024-09-30,2872969957.0,2840
CSCO,2024-12-31,2979912055.0,3096
CSCO,2025-03-31,2922080509.0,3172
CSCO,2025-06-30,2927243670.0,3221
CSCO,2025-09-30,2938558247.0,3228
CSCO,2025-12-31,2460540436.0,3169
CSCO,2026-03-31,2528653110.0,3570
CVX,2013-06-30,1155699627.0,1428
CVX,2013-09-30,1186223017.0,1520
CVX,2013-12-31,1152693330.0,1626
CVX,2014-03-31,1157164871.0,1635
CVX,2014-06-30,1169498068.0,1648
CVX,2014-09-30,1169276696.0,1652
CVX,2014-12-31,1013642605.0,1545
CVX,2015-03-31,1144770683.0,1721
CVX,2015-06-30,1134519075.0,1720
CVX,2015-09-30,836551731.0,1485
CVX,2015-12-31,881986704.0,1482
CVX,2016-03-31,924428810.0,1517
CVX,2016-06-30,935159814.0,1527
CVX,2016-09-30,1109923926.0,1671
CVX,2016-12-31,1091337071.0,1773
CVX,2017-03-31,1166755336.0,1863
CVX,2017-06-30,1169220305.0,1805
CVX,2017-09-30,1198089485.0,1847
CVX,2017-12-31,1206567823.0,1979
CVX,2018-03-31,1213107780.0,2060
CVX,2018-06-30,1229362503.0,2058
CVX,2018-09-30,1215424871.0,2065
CVX,2018-12-31,1217860352.0,2140
CVX,2019-03-31,1243123099.0,2251
CVX,2019-06-30,1073397532.0,2207
CVX,2019-09-30,1224519183.0,2227
CVX,2019-12-31,1159539521.0,2402
CVX,2020-03-31,1188911924.0,2176
CVX,2020-06-30,1185772783.0,2227
CVX,2020-09-30,872108454.0,1971
CVX,2020-12-31,919498348.0,1971
CVX,2021-03-31,929731949.0,2137
CVX,2021-06-30,792288156.0,2174
CVX,2021-09-30,715286918.0,2053
CVX,2021-12-31,1239069184.0,2545
CVX,2022-03-31,759367698.0,2522
CVX,2022-06-30,778023865.0,2521
CVX,2022-09-30,1177092674.0,2784
CVX,2022-12-31,1329971210.0,2970
CVX,2023-03-31,1310286601.0,3032
CVX,2023-06-30,1237619216.0,3016
CVX,2023-09-30,1245605780.0,3059
CVX,2024-03-31,1320672317.0,3301
CVX,2024-06-30,1353820564.0,3286
CVX,2024-09-30,1318302616.0,3271
CVX,2024-12-31,1330001312.0,3493
CVX,2025-03-31,1296334028.0,3626
CVX,2025-06-30,1277779038.0,3525
CVX,2025-09-30,1441286557.0,3607
CVX,2025-12-31,1112109382.0,3422
CVX,2026-03-31,1210881729.0,4149
D,2013-06-30,317198129.0,621
D,2013-09-30,327139916.0,676
D,2013-12-31,332875105.0,723
D,2014-03-31,333483747.0,761
D,2014-06-30,331222979.0,761
D,2014-09-30,336093184.0,749
D,2014-12-31,308002876.0,713
D,2015-03-31,345593667.0,812
D,2015-06-30,352522505.0,774
D,2015-09-30,226907485.0,711
D,2015-12-31,286163026.0,693
D,2016-03-31,278943886.0,742
D,2016-06-30,253018209.0,768
D,2016-09-30,397113139.0,825
D,2016-12-31,351536626.0,858
D,2017-03-31,412308888.0,888
D,2017-06-30,408161412.0,909
D,2017-09-30,411792039.0,913
D,2017-12-31,418134758.0,972
D,2018-03-31,432872328.0,1054
D,2018-06-30,435688311.0,1014
D,2018-09-30,432450360.0,1050
D,2018-12-31,458288352.0,1105
D,2019-03-31,510701403.0,1201
D,2019-06-30,445694351.0,1168
D,2019-09-30,531718530.0,1202
D,2019-12-31,514175707.0,1311
D,2020-03-31,552465067.0,1281
D,2020-06-30,551688650.0,1305
D,2020-09-30,393267071.0,1179
D,2020-12-31,390551853.0,1104
D,2021-03-31,389653219.0,1158
D,2021-06-30,352228491.0,1163
D,2021-09-30,318867422.0,1050
D,2021-12-31,537142742.0,1283
D,2022-03-31,355776077.0,1216
D,2022-06-30,364788153.0,1208
D,2022-09-30,525317528.0,1297
D,2022-12-31,573271583.0,1279
D,2023-03-31,578276716.0,1219
D,2023-06-30,575703900.0,1164
D,2023-09-30,591772878.0,1086
D,2024-03-31,624140324.0,1147
D,2024-06-30,630818065.0,1193
D,2024-09-30,628184336.0,1250
D,2024-12-31,645260309.0,1279
D,2025-03-31,642698826.0,1335
D,2025-06-30,682187851.0,1276
D,2025-09-30,689261964.0,1328
D,2025-12-31,582180190.0,1220
D,2026-03-31,565432607.0,1412
DE,2013-06-30,224842336.0,787
DE,2013-09-30,225595715.0,838
DE,2013-12-31,217537854.0,912
DE,2014-03-31,219983882.0,909
DE,2014-06-30,217961892.0,931
DE,2014-09-30,219395907.0,891
DE,2014-12-31,184510122.0,832
DE,2015-03-31,228473822.0,912
DE,2015-06-30,229197363.0,927
DE,2015-09-30,160624616.0,768
DE,2015-12-31,149980381.0,735
DE,2016-03-31,151447421.0,751
DE,2016-06-30,153545432.0,722
DE,2016-09-30,215830219.0,787
DE,2016-12-31,207569087.0,886
DE,2017-03-31,211530216.0,930
DE,2017-06-30,208694791.0,953
DE,2017-09-30,213477299.0,960
DE,2017-12-31,212087963.0,1063
DE,2018-03-31,212338648.0,1107
DE,2018-06-30,210575289.0,1065
DE,2018-09-30,207670047.0,1067
DE,2018-12-31,209763808.0,1100
DE,2019-03-31,214620367.0,1135
DE,2019-06-30,184537181.0,1097
DE,2019-09-30,206139105.0,1106
DE,2019-12-31,187972471.0,1174
DE,2020-03-31,208241290.0,1109
DE,2020-06-30,210796265.0,1120
DE,2020-09-30,145012826.0,1131
DE,2020-12-31,161353659.0,1226
DE,2021-03-31,144271259.0,1411
DE,2021-06-30,143398540.0,1428
DE,2021-09-30,128411342.0,1330
DE,2021-12-31,198881944.0,1686
DE,2022-03-31,143270883.0,1623
DE,2022-06-30,141123942.0,1524
DE,2022-09-30,188963285.0,1764
DE,2022-12-31,200199737.0,1970
DE,2023-03-31,206646954.0,1989
DE,2023-06-30,188204807.0,1963
DE,2023-09-30,181712030.0,1947
DE,2024-03-31,184820738.0,2069
DE,2024-06-30,191167693.0,1992
DE,2024-09-30,189939239.0,2015
DE,2024-12-31,196499509.0,2148
DE,2025-03-31,192332594.0,2225
DE,2025-06-30,194832829.0,2313
DE,2025-09-30,193290870.0,2243
DE,2025-12-31,153280765.0,2128
DE,2026-03-31,165922573.0,2510
DIS,2013-06-30,1093762532.0,1116
DIS,2013-09-30,1079942748.0,1190
DIS,2013-12-31,1057090039.0,1280
DIS,2014-03-31,1052366409.0,1334
DIS,2014-06-30,1042044003.0,1359
DIS,2014-09-30,1045955541.0,1395
DIS,2014-12-31,886669738.0,1332
DIS,2015-03-31,1026922980.0,1567
DIS,2015-06-30,1022425714.0,1592
DIS,2015-09-30,816201985.0,1425
DIS,2015-12-31,706823267.0,1436
DIS,2016-03-31,772216569.0,1463
DIS,2016-06-30,777199960.0,1459
DIS,2016-09-30,874739695.0,1594
DIS,2016-12-31,925420610.0,1718
DIS,2017-03-31,969505646.0,1825
DIS,2017-06-30,929720661.0,1755
DIS,2017-09-30,917452011.0,1730
DIS,2017-12-31,919604960.0,1893
DIS,2018-03-31,930917001.0,1942
DIS,2018-06-30,936775670.0,1956
DIS,2018-09-30,922610929.0,2009
DIS,2018-12-31,931666778.0,2155
DIS,2019-03-31,1147854751.0,2333
DIS,2019-06-30,972046235.0,2364
DIS,2019-09-30,1137154364.0,2375
DIS,2019-12-31,1119955644.0,2642
DIS,2020-03-31,1118939305.0,2523
DIS,2020-06-30,1116989822.0,2521
DIS,2020-09-30,808203962.0,2290
DIS,2020-12-31,837933925.0,2391
DIS,2021-03-31,843594147.0,2581
DIS,2021-06-30,823023943.0,2580
DIS,2021-09-30,725414869.0,2436
DIS,2021-12-31,1118272362.0,2961
DIS,2022-03-31,796742451.0,2637
DIS,2022-06-30,757524817.0,2442
DIS,2022-09-30,1026937183.0,2743
DIS,2022-12-31,1113187216.0,2714
DIS,2023-03-31,1146334116.0,2841
DIS,2023-06-30,1076264779.0,2705
DIS,2023-09-30,1073243051.0,2593
DIS,2024-03-31,1215366440.0,2979
DIS,2024-06-30,1218002273.0,2853
DIS,2024-09-30,1195903849.0,2746
DIS,2024-12-31,1258847671.0,3028
DIS,2025-03-31,1234837079.0,2915
DIS,2025-06-30,1257297596.0,3063
DIS,2025-09-30,1278403830.0,2926
DIS,2025-12-31,1050499591.0,2723
DIS,2026-03-31,1091861032.0,2895
DLR,2013-06-30,137158707.0,331
DLR,2013-09-30,141321590.0,341
DLR,2013-12-31,144111910.0,345
DLR,2014-03-31,146826138.0,337
DLR,2014-06-30,137548156.0,353
DLR,2014-09-30,135681368.0,348
DLR,2014-12-31,107668105.0,332
DLR,2015-03-31,129952969.0,376
DLR,2015-06-30,132211416.0,369
DLR,2015-09-30,112171973.0,338
DLR,2015-12-31,106793244.0,350
DLR,2016-03-31,105297937.0,360
DLR,2016-06-30,122056665.0,410
DLR,2016-09-30,164380896.0,458
DLR,2016-12-31,159577222.0,482
DLR,2017-03-31,164099534.0,519
DLR,2017-06-30,162883585.0,524
DLR,2017-09-30,200735413.0,585
DLR,2017-12-31,203699994.0,600
DLR,2018-03-31,201018200.0,594
DLR,2018-06-30,201464847.0,591
DLR,2018-09-30,201386315.0,649
DLR,2018-12-31,204722220.0,638
DLR,2019-03-31,210963179.0,645
DLR,2019-06-30,182933418.0,641
DLR,2019-09-30,210913635.0,652
DLR,2019-12-31,189529593.0,691
DLR,2020-03-31,270936135.0,758
DLR,2020-06-30,270728790.0,810
DLR,2020-09-30,201317893.0,749
DLR,2020-12-31,211112028.0,701
DLR,2021-03-31,209795650.0,751
DLR,2021-06-30,169662506.0,790
DLR,2021-09-30,143352748.0,733
DLR,2021-12-31,272606589.0,939
DLR,2022-03-31,173259405.0,795
DLR,2022-06-30,167418410.0,774
DLR,2022-09-30,248528365.0,851
DLR,2022-12-31,284007302.0,873
DLR,2023-03-31,287663965.0,841
DLR,2023-06-30,296830081.0,846
DLR,2023-09-30,293389881.0,867
DLR,2024-03-31,292444456.0,984
DLR,2024-06-30,318619870.0,1030
DLR,2024-09-30,299775710.0,1042
DLR,2024-12-31,324701081.0,1149
DLR,2025-03-31,302648205.0,1116
DLR,2025-06-30,324007470.0,1159
DLR,2025-09-30,309849663.0,1155
DLR,2025-12-31,284325974.0,990
DLR,2026-03-31,252463976.0,1204
DOW,2019-03-31,10759896.0,57
DOW,2019-06-30,421992110.0,1160
DOW,2019-09-30,492039272.0,1128
DOW,2019-12-31,416982565.0,1204
DOW,2020-03-31,474343090.0,1018
DOW,2020-06-30,480492381.0,1031
DOW,2020-09-30,376467420.0,966
DOW,2020-12-31,392197946.0,979
DOW,2021-03-31,384805025.0,1109
DOW,2021-06-30,281486984.0,1166
DOW,2021-09-30,259753991.0,1066
DOW,2021-12-31,460952572.0,1292
DOW,2022-03-31,291936987.0,1231
DOW,2022-06-30,296950663.0,1217
DOW,2022-09-30,395326803.0,1295
DOW,2022-12-31,429050759.0,1385
DOW,2023-03-31,442646734.0,1430
DOW,2023-06-30,425802890.0,1383
DOW,2023-09-30,420852660.0,1374
DOW,2024-03-31,455536833.0,1521
DOW,2024-06-30,473787458.0,1462
DOW,2024-09-30,467257168.0,1413
DOW,2024-12-31,466328825.0,1347
DOW,2025-03-31,456694855.0,1272
DOW,2025-06-30,461013591.0,1151
DOW,2025-09-30,463174797.0,1040
DOW,2025-12-31,405944657.0,918
DOW,2026-03-31,417288997.0,1258
DUK,2013-06-30,348608587.0,684
DUK,2013-09-30,356974121.0,740
DUK,2013-12-31,356507628.0,810
DUK,2014-03-31,362142066.0,841
DUK,2014-06-30,367783171.0,834
DUK,2014-09-30,378142433.0,855
DUK,2014-12-31,348869521.0,798
DUK,2015-03-31,377239034.0,918
DUK,2015-06-30,361696403.0,899
DUK,2015-09-30,271718852.0,808
DUK,2015-12-31,269957477.0,785
DUK,2016-03-31,301015574.0,841
DUK,2016-06-30,297044130.0,844
DUK,2016-09-30,371539247.0,936
DUK,2016-12-31,355907990.0,976
DUK,2017-03-31,384207492.0,1038
DUK,2017-06-30,385514859.0,1023
DUK,2017-09-30,392513030.0,1040
DUK,2017-12-31,393161909.0,1118
DUK,2018-03-31,404509666.0,1160
DUK,2018-06-30,409187321.0,1156
DUK,2018-09-30,413181910.0,1153
DUK,2018-12-31,431382915.0,1205
DUK,2019-03-31,434531174.0,1293
DUK,2019-06-30,364281035.0,1255
DUK,2019-09-30,430566710.0,1292
DUK,2019-12-31,449231142.0,1381
DUK,2020-03-31,464870271.0,1354
DUK,2020-06-30,461858570.0,1367
DUK,2020-09-30,317740334.0,1251
DUK,2020-12-31,364392810.0,1236
DUK,2021-03-31,342840726.0,1304
DUK,2021-06-30,315150068.0,1327
DUK,2021-09-30,283356069.0,1238
DUK,2021-12-31,465157808.0,1524
DUK,2022-03-31,312474418.0,1452
DUK,2022-06-30,304577711.0,1424
DUK,2022-09-30,428646774.0,1558
DUK,2022-12-31,481516620.0,1626
DUK,2023-03-31,480208560.0,1655
DUK,2023-06-30,474528547.0,1614
DUK,2023-09-30,476807036.0,1610
DUK,2024-03-31,496855242.0,1771
DUK,2024-06-30,496896057.0,1819
DUK,2024-09-30,509475036.0,1905
DUK,2024-12-31,506860360.0,2010
DUK,2025-03-31,517833851.0,2114
DUK,2025-06-30,528577261.0,2127
DUK,2025-09-30,527799742.0,2190
DUK,2025-12-31,439584430.0,2034
DUK,2026-03-31,446504986.0,2369
ECL,2013-06-30,208903063.0,597
ECL,2013-09-30,222985077.0,638
ECL,2013-12-31,217953725.0,689
ECL,2014-03-31,219544184.0,668
ECL,2014-06-30,216359961.0,689
ECL,2014-09-30,220740677.0,693
ECL,2014-12-31,179368140.0,659
ECL,2015-03-31,223526250.0,749
ECL,2015-06-30,220662954.0,734
ECL,2015-09-30,175251213.0,669
ECL,2015-12-31,171385518.0,657
ECL,2016-03-31,173061044.0,681
ECL,2016-06-30,173142771.0,680
ECL,2016-09-30,206494640.0,746
ECL,2016-12-31,212950250.0,799
ECL,2017-03-31,218125935.0,815
ECL,2017-06-30,213944156.0,802
ECL,2017-09-30,216459214.0,834
ECL,2017-12-31,220221140.0,887
ECL,2018-03-31,216376944.0,900
ECL,2018-06-30,216617694.0,924
ECL,2018-09-30,215079715.0,956
ECL,2018-12-31,215388888.0,1004
ECL,2019-03-31,216262950.0,1063
ECL,2019-06-30,192762766.0,1051
ECL,2019-09-30,212790127.0,1107
ECL,2019-12-31,210687616.0,1152
ECL,2020-03-31,212512656.0,1106
ECL,2020-06-30,208573691.0,1170
ECL,2020-09-30,150855362.0,1053
ECL,2020-12-31,155537193.0,1043
ECL,2021-03-31,147479930.0,1061
ECL,2021-06-30,136475592.0,1089
ECL,2021-09-30,131980137.0,982
ECL,2021-12-31,209772825.0,1221
ECL,2022-03-31,138169052.0,1021
ECL,2022-06-30,138198695.0,973
ECL,2022-09-30,196204220.0,1094
ECL,2022-12-31,206554111.0,1118
ECL,2023-03-31,207591306.0,1158
ECL,2023-06-30,204941249.0,1173
ECL,2023-09-30,202861060.0,1156
ECL,2024-03-31,211635435.0,1337
ECL,2024-06-30,214695496.0,1367
ECL,2024-09-30,209308572.0,1405
ECL,2024-12-31,219403889.0,1470
ECL,2025-03-31,215082718.0,1542
ECL,2025-06-30,215460324.0,1555
ECL,2025-09-30,214584809.0,1541
ECL,2025-12-31,180747996.0,1408
ECL,2026-03-31,191119680.0,1644
ED,2013-06-30,125553124.0,516
ED,2013-09-30,130939069.0,552
ED,2013-12-31,136852946.0,566
ED,2014-03-31,134539423.0,589
ED,2014-06-30,136290671.0,604
ED,2014-09-30,143476902.0,610
ED,2014-12-31,134241337.0,575
ED,2015-03-31,147428602.0,660
ED,2015-06-30,149375376.0,637
ED,2015-09-30,114289843.0,579
ED,2015-12-31,103798303.0,567
ED,2016-03-31,126742942.0,617
ED,2016-06-30,138403308.0,624
ED,2016-09-30,155388808.0,696
ED,2016-12-31,163120919.0,710
ED,2017-03-31,167495460.0,718
ED,2017-06-30,168443903.0,734
ED,2017-09-30,170457774.0,755
ED,2017-12-31,171086312.0,777
ED,2018-03-31,172583863.0,813
ED,2018-06-30,179622787.0,777
ED,2018-09-30,177056480.0,785
ED,2018-12-31,186274413.0,839
ED,2019-03-31,193907690.0,885
ED,2019-06-30,156913834.0,853
ED,2019-09-30,196542786.0,878
ED,2019-12-31,194437684.0,909
ED,2020-03-31,198169629.0,874
ED,2020-06-30,193643078.0,846
ED,2020-09-30,156849174.0,765
ED,2020-12-31,153626879.0,746
ED,2021-03-31,152243392.0,760
ED,2021-06-30,145734768.0,787
ED,2021-09-30,124733573.0,711
ED,2021-12-31,217524265.0,898
ED,2022-03-31,157261669.0,859
ED,2022-06-30,159912274.0,867
ED,2022-09-30,198573862.0,936
ED,2022-12-31,230140245.0,1003
ED,2023-03-31,231401427.0,1016
ED,2023-06-30,216879173.0,1011
ED,2023-09-30,216954226.0,978
ED,2024-03-31,227008237.0,1078
ED,2024-06-30,234805649.0,1075
ED,2024-09-30,228303158.0,1112
ED,2024-12-31,245303027.0,1156
ED,2025-03-31,244907219.0,1231
ED,2025-06-30,247044838.0,1240
ED,2025-09-30,249611871.0,1238
ED,2025-12-31,211260426.0,1136
ED,2026-03-31,211040207.0,1364
EMR,2013-06-30,479931461.0,980
EMR,2013-09-30,479177997.0,1042
EMR,2013-12-31,467633010.0,1122
EMR,2014-03-31,479078519.0,1135
EMR,2014-06-30,480781978.0,1152
EMR,2014-09-30,485197300.0,1130
EMR,2014-12-31,435337783.0,1061
EMR,2015-03-31,479243136.0,1175
EMR,2015-06-30,464659743.0,1176
EMR,2015-09-30,352034620.0,999
EMR,2015-12-31,339691347.0,980
EMR,2016-03-31,348682975.0,1018
EMR,2016-06-30,362171412.0,1013
EMR,2016-09-30,435839339.0,1078
EMR,2016-12-31,407866190.0,1141
EMR,2017-03-31,438528018.0,1183
EMR,2017-06-30,442570363.0,1141
EMR,2017-09-30,436769611.0,1170
EMR,2017-12-31,435359084.0,1243
EMR,2018-03-31,433789544.0,1328
EMR,2018-06-30,437322750.0,1302
EMR,2018-09-30,436155074.0,1321
EMR,2018-12-31,432386119.0,1297
EMR,2019-03-31,431952796.0,1375
EMR,2019-06-30,372619432.0,1285
EMR,2019-09-30,424732871.0,1299
EMR,2019-12-31,421006422.0,1414
EMR,2020-03-31,422609066.0,1264
EMR,2020-06-30,429724446.0,1316
EMR,2020-09-30,331341717.0,1239
EMR,2020-12-31,322394730.0,1242
EMR,2021-03-31,325514656.0,1375
EMR,2021-06-30,271236171.0,1411
EMR,2021-09-30,240224964.0,1302
EMR,2021-12-31,416994351.0,1597
EMR,2022-03-31,277278875.0,1438
EMR,2022-06-30,285272649.0,1396
EMR,2022-09-30,384845388.0,1537
EMR,2022-12-31,417148053.0,1636
EMR,2023-03-31,426939150.0,1622
EMR,2023-06-30,391622857.0,1619
EMR,2023-09-30,393511089.0,1650
EMR,2024-03-31,416687049.0,1840
EMR,2024-06-30,430511873.0,1843
EMR,2024-09-30,425288106.0,1827
EMR,2024-12-31,443648800.0,1989
EMR,2025-03-31,437599440.0,1968
EMR,2025-06-30,444971970.0,2035
EMR,2025-09-30,449860220.0,2000
EMR,2025-12-31,379007843.0,1899
EMR,2026-03-31,374679131.0,2126
EQIX,2014-12-31,2340575.0,19
EQIX,2015-03-31,53457630.0,346
EQIX,2015-06-30,59210906.0,369
EQIX,2015-09-30,37926623.0,314
EQIX,2015-12-31,41781102.0,306
EQIX,2016-03-31,47216771.0,336
EQIX,2016-06-30,51530548.0,352
EQIX,2016-09-30,69357825.0,427
EQIX,2016-12-31,69323590.0,422
EQIX,2017-03-31,74098410.0,450
EQIX,2017-06-30,74622156.0,456
EQIX,2017-09-30,73709392.0,494
EQIX,2017-12-31,74786500.0,530
EQIX,2018-03-31,79187906.0,571
EQIX,2018-06-30,78685266.0,545
EQIX,2018-09-30,78684561.0,580
EQIX,2018-12-31,77575118.0,611
EQIX,2019-03-31,82465299.0,640
EQIX,2019-06-30,74710728.0,637
EQIX,2019-09-30,79349355.0,666
EQIX,2019-12-31,74249735.0,709
EQIX,2020-03-31,79565853.0,758
EQIX,2020-06-30,82644990.0,804
EQIX,2020-09-30,58587185.0,720
EQIX,2020-12-31,63969749.0,671
EQIX,2021-03-31,62346927.0,687
EQIX,2021-06-30,57030543.0,713
EQIX,2021-09-30,53422246.0,670
EQIX,2021-12-31,82068212.0,872
EQIX,2022-03-31,56942961.0,718
EQIX,2022-06-30,55535195.0,719
EQIX,2022-09-30,78028517.0,806
EQIX,2022-12-31,86297826.0,858
EQIX,2023-03-31,108882976.0,876
EQIX,2023-06-30,86133362.0,903
EQIX,2023-09-30,84851314.0,912
EQIX,2024-03-31,87620080.0,1066
EQIX,2024-06-30,88977776.0,1019
EQIX,2024-09-30,89347868.0,1062
EQIX,2024-12-31,92300409.0,1119
EQIX,2025-03-31,90389514.0,1133
EQIX,2025-06-30,100038944.0,1138
EQIX,2025-09-30,90385797.0,1107
EQIX,2025-12-31,73267714.0,963
EQIX,2026-03-31,78272310.0,1237
EXC,2013-06-30,549032338.0,539
EXC,2013-09-30,565585208.0,550
EXC,2013-12-31,591099942.0,591
EXC,2014-03-31,610308165.0,603
EXC,2014-06-30,669204629.0,654
EXC,2014-09-30,685112949.0,625
EXC,2014-12-31,598211708.0,571
EXC,2015-03-31,707844304.0,676
EXC,2015-06-30,705717698.0,662
EXC,2015-09-30,466876750.0,571
EXC,2015-12-31,540070956.0,557
EXC,2016-03-31,449923962.0,591
EXC,2016-06-30,463573999.0,580
EXC,2016-09-30,661354764.0,653
EXC,2016-12-31,640650210.0,698
EXC,2017-03-31,695502547.0,707
EXC,2017-06-30,726206474.0,710
EXC,2017-09-30,727231869.0,706
EXC,2017-12-31,743276536.0,774
EXC,2018-03-31,744050852.0,797
EXC,2018-06-30,750222946.0,800
EXC,2018-09-30,754063855.0,840
EXC,2018-12-31,757031032.0,873
EXC,2019-03-31,768865882.0,934
EXC,2019-06-30,657497393.0,912
EXC,2019-09-30,751226660.0,887
EXC,2019-12-31,712985901.0,880
EXC,2020-03-31,754821747.0,815
EXC,2020-06-30,755151575.0,812
EXC,2020-09-30,471914381.0,700
EXC,2020-12-31,559813305.0,688
EXC,2021-03-31,476409680.0,721
EXC,2021-06-30,430918861.0,738
EXC,2021-09-30,368093858.0,678
EXC,2021-12-31,767571659.0,933
EXC,2022-03-31,496880664.0,792
EXC,2022-06-30,421905394.0,794
EXC,2022-09-30,729661968.0,887
EXC,2022-12-31,791440287.0,906
EXC,2023-03-31,787165204.0,924
EXC,2023-06-30,778855711.0,915
EXC,2023-09-30,778990743.0,906
EXC,2024-03-31,808741612.0,945
EXC,2024-06-30,826548101.0,928
EXC,2024-09-30,803325412.0,983
EXC,2024-12-31,814259133.0,1031
EXC,2025-03-31,804149049.0,1126
EXC,2025-06-30,822261013.0,1113
EXC,2025-09-30,830737713.0,1133
EXC,2025-12-31,714024162.0,1040
EXC,2026-03-31,745508946.0,1227
FCX,2013-06-30,651187173.0,712
FCX,2013-09-30,673665448.0,791
FCX,2013-12-31,671217717.0,842
FCX,2014-03-31,692132875.0,822
FCX,2014-06-30,684582920.0,830
FCX,2014-09-30,703038794.0,812
FCX,2014-12-31,575908703.0,658
FCX,2015-03-31,723921772.0,700
FCX,2015-06-30,753882351.0,671
FCX,2015-09-30,513805570.0,546
FCX,2015-12-31,562729530.0,508
FCX,2016-03-31,528491149.0,497
FCX,2016-06-30,535329764.0,482
FCX,2016-09-30,928435529.0,572
FCX,2016-12-31,849409501.0,623
FCX,2017-03-31,998634614.0,652
FCX,2017-06-30,960581084.0,597
FCX,2017-09-30,974158034.0,634
FCX,2017-12-31,1005381386.0,646
FCX,2018-03-31,1024739506.0,714
FCX,2018-06-30,1030664481.0,689
FCX,2018-09-30,1014829095.0,696
FCX,2018-12-31,1010526344.0,694
FCX,2019-03-31,1047164402.0,689
FCX,2019-06-30,907619304.0,629
FCX,2019-09-30,1018839452.0,605
FCX,2019-12-31,947539515.0,639
FCX,2020-03-31,1020325719.0,610
FCX,2020-06-30,1003902800.0,647
FCX,2020-09-30,706940447.0,600
FCX,2020-12-31,855068722.0,671
FCX,2021-03-31,861939846.0,762
FCX,2021-06-30,773632831.0,845
FCX,2021-09-30,631657581.0,736
FCX,2021-12-31,1099111760.0,1000
FCX,2022-03-31,777532392.0,952
FCX,2022-06-30,757405021.0,862
FCX,2022-09-30,1014027492.0,979
FCX,2022-12-31,1108128772.0,1121
FCX,2023-03-31,1112243900.0,1178
FCX,2023-06-30,1083891618.0,1174
FCX,2023-09-30,1090285078.0,1187
FCX,2024-03-31,1167081952.0,1362
FCX,2024-06-30,1186073640.0,1430
FCX,2024-09-30,1194791658.0,1434
FCX,2024-12-31,1198722594.0,1399
FCX,2025-03-31,1199581458.0,1360
FCX,2025-06-30,1186371347.0,1447
FCX,2025-09-30,1188704846.0,1437
FCX,2025-12-31,930292343.0,1400
FCX,2026-03-31,1036565956.0,1776
GE,2021-06-30,44395085.0,61
GE,2021-09-30,372022280.0,1143
GE,2021-12-31,715321660.0,1437
GE,2022-03-31,409801506.0,1149
GE,2022-06-30,427244259.0,1132
GE,2022-09-30,712732986.0,1265
GE,2022-12-31,771651506.0,1402
GE,2023-03-31,809664530.0,1472
GE,2023-06-30,799608034.0,1550
GE,2023-09-30,791157894.0,1611
GE,2024-03-31,813796420.0,1997
GE,2024-06-30,847468563.0,2025
GE,2024-09-30,823763667.0,2188
GE,2024-12-31,843066108.0,2276
GE,2025-03-31,815790888.0,2466
GE,2025-06-30,827168873.0,2659
GE,2025-09-30,815415247.0,2788
GE,2025-12-31,607457577.0,2727
GE,2026-03-31,704688354.0,3101
GOOGL,2015-09-30,6291903.0,199
GOOGL,2015-12-31,175252475.0,1231
GOOGL,2016-03-31,165966793.0,1310
GOOGL,2016-06-30,176038011.0,1341
GOOGL,2016-09-30,224503278.0,1552
GOOGL,2016-12-31,221698690.0,1660
GOOGL,2017-03-31,231674549.0,1752
GOOGL,2017-06-30,226452509.0,1772
GOOGL,2017-09-30,224760278.0,1791
GOOGL,2017-12-31,228855303.0,1944
GOOGL,2018-03-31,225284699.0,2020
GOOGL,2018-06-30,227326648.0,2033
GOOGL,2018-09-30,203111111.0,2091
GOOGL,2018-12-31,292223345.0,2202
GOOGL,2019-03-31,228171188.0,2317
GOOGL,2019-06-30,194891475.0,2227
GOOGL,2019-09-30,226052218.0,2279
GOOGL,2019-12-31,221198402.0,2529
GOOGL,2020-03-31,227348471.0,2544
GOOGL,2020-06-30,228343088.0,2605
GOOGL,2020-09-30,169117785.0,2320
GOOGL,2020-12-31,191585451.0,2377
GOOGL,2021-03-31,166133788.0,2555
GOOGL,2021-06-30,153646379.0,2654
GOOGL,2021-09-30,131612432.0,2545
GOOGL,2021-12-31,221205002.0,3283
GOOGL,2022-03-31,156192509.0,2975
GOOGL,2022-06-30,177740907.0,2896
GOOGL,2022-09-30,4091614778.0,3334
GOOGL,2022-12-31,4380356347.0,3431
GOOGL,2023-03-31,4439354682.0,3544
GOOGL,2023-06-30,4262451405.0,3602
GOOGL,2023-09-30,4235350883.0,3693
GOOGL,2024-03-31,4426604242.0,4079
GOOGL,2024-06-30,4526700457.0,4186
GOOGL,2024-09-30,4364251329.0,4182
GOOGL,2024-12-31,4530832364.0,4603
GOOGL,2025-03-31,4326252683.0,4596
GOOGL,2025-06-30,4365597629.0,4659
GOOGL,2025-09-30,4382608484.0,4820
GOOGL,2025-12-31,3467597792.0,4716
GOOGL,2026-03-31,3844971919.0,5396
GS,2013-06-30,284157945.0,741
GS,2013-09-30,291585340.0,786
GS,2013-12-31,299378796.0,836
GS,2014-03-31,296334161.0,834
GS,2014-06-30,296364499.0,820
GS,2014-09-30,302858908.0,832
GS,2014-12-31,241707143.0,761
GS,2015-03-31,297072124.0,889
GS,2015-06-30,304146454.0,931
GS,2015-09-30,222476167.0,776
GS,2015-12-31,219844364.0,760
GS,2016-03-31,223449501.0,764
GS,2016-06-30,214554508.0,740
GS,2016-09-30,265479435.0,871
GS,2016-12-31,266165740.0,979
GS,2017-03-31,287769609.0,1068
GS,2017-06-30,274591325.0,1035
GS,2017-09-30,269319131.0,1043
GS,2017-12-31,271363229.0,1105
GS,2018-03-31,270042980.0,1206
GS,2018-06-30,263900400.0,1140
GS,2018-09-30,257585217.0,1169
GS,2018-12-31,248542429.0,1118
GS,2019-03-31,247986788.0,1165
GS,2019-06-30,216990763.0,1123
GS,2019-09-30,241759574.0,1150
GS,2019-12-31,224655199.0,1222
GS,2020-03-31,231394740.0,1140
GS,2020-06-30,234132835.0,1186
GS,2020-09-30,168285343.0,1062
GS,2020-12-31,166101952.0,1123
GS,2021-03-31,175154027.0,1276
GS,2021-06-30,163052410.0,1346
GS,2021-09-30,141683752.0,1265
GS,2021-12-31,230399663.0,1615
GS,2022-03-31,159530153.0,1412
GS,2022-06-30,153903091.0,1375
GS,2022-09-30,205532786.0,1551
GS,2022-12-31,229865316.0,1689
GS,2023-03-31,250471608.0,1647
GS,2023-06-30,219301470.0,1647
GS,2023-09-30,215680925.0,1618
GS,2024-03-31,237459665.0,1900
GS,2024-06-30,229630227.0,1970
GS,2024-09-30,220136672.0,2041
GS,2024-12-31,226258562.0,2280
GS,2025-03-31,219896531.0,2340
GS,2025-06-30,210639856.0,2458
GS,2025-09-30,213632507.0,2583
GS,2025-12-31,179721910.0,2563
GS,2026-03-31,176620162.0,2866
HD,2013-06-30,1002787617.0,1075
HD,2013-09-30,999822768.0,1127
HD,2013-12-31,967441121.0,1217
HD,2014-03-31,965288341.0,1245
HD,2014-06-30,960216437.0,1241
HD,2014-09-30,945863890.0,1260
HD,2014-12-31,816753698.0,1225
HD,2015-03-31,926263578.0,1422
HD,2015-06-30,901344822.0,1435
HD,2015-09-30,628031614.0,1314
HD,2015-12-31,710559830.0,1349
HD,2016-03-31,625452185.0,1368
HD,2016-06-30,656484007.0,1382
HD,2016-09-30,831549239.0,1506
HD,2016-12-31,741491391.0,1571
HD,2017-03-31,847237866.0,1671
HD,2017-06-30,830155266.0,1675
HD,2017-09-30,810826551.0,1696
HD,2017-12-31,808812532.0,1890
HD,2018-03-31,786891325.0,1918
HD,2018-06-30,781225840.0,1952
HD,2018-09-30,777350809.0,1991
HD,2018-12-31,759194025.0,2049
HD,2019-03-31,760886780.0,2154
HD,2019-06-30,661490825.0,2120
HD,2019-09-30,753722984.0,2188
HD,2019-12-31,669497877.0,2404
HD,2020-03-31,738121508.0,2367
HD,2020-06-30,738227683.0,2478
HD,2020-09-30,543374166.0,2308
HD,2020-12-31,581764826.0,2301
HD,2021-03-31,565305107.0,2433
HD,2021-06-30,475467120.0,2479
HD,2021-09-30,420519425.0,2361
HD,2021-12-31,699758859.0,2921
HD,2022-03-31,462127269.0,2649
HD,2022-06-30,448316771.0,2612
HD,2022-09-30,627744543.0,2929
HD,2022-12-31,703558901.0,3014
HD,2023-03-31,695200548.0,3039
HD,2023-06-30,661186414.0,3018
HD,2023-09-30,656533082.0,3068
HD,2024-03-31,686258349.0,3422
HD,2024-06-30,693955367.0,3413
HD,2024-09-30,688720358.0,3519
HD,2024-12-31,704798717.0,3768
HD,2025-03-31,700404176.0,3790
HD,2025-06-30,699102495.0,3801
HD,2025-09-30,695768126.0,3855
HD,2025-12-31,588893050.0,3590
HD,2026-03-31,602071672.0,3994
IBM,2013-06-30,541184442.0,1419
IBM,2013-09-30,613275650.0,1513
IBM,2013-12-31,582824120.0,1596
IBM,2014-03-31,568238619.0,1603
IBM,2014-06-30,554508688.0,1591
IBM,2014-09-30,557975163.0,1579
IBM,2014-12-31,418513048.0,1451
IBM,2015-03-31,569148839.0,1615
IBM,2015-06-30,563105011.0,1620
IBM,2015-09-30,387964378.0,1442
IBM,2015-12-31,349216734.0,1389
IBM,2016-03-31,395395794.0,1405
IBM,2016-06-30,393470397.0,1399
IBM,2016-09-30,525687972.0,1558
IBM,2016-12-31,532754085.0,1621
IBM,2017-03-31,542295251.0,1727
IBM,2017-06-30,532154073.0,1635
IBM,2017-09-30,522676382.0,1625
IBM,2017-12-31,512881093.0,1772
IBM,2018-03-31,507135655.0,1828
IBM,2018-06-30,499738120.0,1790
IBM,2018-09-30,504895096.0,1784
IBM,2018-12-31,477915096.0,1753
IBM,2019-03-31,485657333.0,1856
IBM,2019-06-30,412430952.0,1817
IBM,2019-09-30,488755600.0,1833
IBM,2019-12-31,485850059.0,1936
IBM,2020-03-31,495655056.0,1846
IBM,2020-06-30,498695358.0,1870
IBM,2020-09-30,368803623.0,1713
IBM,2020-12-31,363859758.0,1685
IBM,2021-03-31,345614975.0,1780
IBM,2021-06-30,337380759.0,1859
IBM,2021-09-30,309451541.0,1701
IBM,2021-12-31,477866191.0,2062
IBM,2022-03-31,347844317.0,1913
IBM,2022-06-30,337320487.0,1945
IBM,2022-09-30,441728679.0,2089
IBM,2022-12-31,517901008.0,2214
IBM,2023-03-31,500803104.0,2220
IBM,2023-06-30,493632785.0,2209
IBM,2023-09-30,496257848.0,2253
IBM,2024-03-31,535238846.0,2634
IBM,2024-06-30,545559974.0,2583
IBM,2024-09-30,549519150.0,2752
IBM,2024-12-31,571468807.0,2937
IBM,2025-03-31,567596984.0,3101
IBM,2025-06-30,567163137.0,3239
IBM,2025-09-30,571121360.0,3245
IBM,2025-12-31,507728117.0,3199
IBM,2026-03-31,470822133.0,3360
JNJ,2013-06-30,1744215485.0,1550
JNJ,2013-09-30,1769056610.0,1674
JNJ,2013-12-31,1760158369.0,1801
JNJ,2014-03-31,1811424696.0,1836
JNJ,2014-06-30,1783383719.0,1812
JNJ,2014-09-30,1801108263.0,1852
JNJ,2014-12-31,1552076627.0,1760
JNJ,2015-03-31,1777383734.0,1973
JNJ,2015-06-30,1771964611.0,1960
JNJ,2015-09-30,1409958422.0,1774
JNJ,2015-12-31,1363657140.0,1767
JNJ,2016-03-31,1496995170.0,1804
JNJ,2016-06-30,1494163921.0,1806
JNJ,2016-09-30,1671329532.0,1980
JNJ,2016-12-31,1691808479.0,2058
JNJ,2017-03-31,1743321207.0,2162
JNJ,2017-06-30,1741043123.0,2136
JNJ,2017-09-30,1738886540.0,2167
JNJ,2017-12-31,1748847747.0,2356
JNJ,2018-03-31,1747977512.0,2413
JNJ,2018-06-30,1743259404.0,2372
JNJ,2018-09-30,1741216391.0,2391
JNJ,2018-12-31,1747498995.0,2538
JNJ,2019-03-31,1879328917.0,2602
JNJ,2019-06-30,1513725580.0,2550
JNJ,2019-09-30,1757272707.0,2546
JNJ,2019-12-31,1740288130.0,2779
JNJ,2020-03-31,1776604818.0,2760
JNJ,2020-06-30,1765588517.0,2799
JNJ,2020-09-30,1317728041.0,2568
JNJ,2020-12-31,1370057844.0,2594
JNJ,2021-03-31,1316119529.0,2740
JNJ,2021-06-30,1254255296.0,2803
JNJ,2021-09-30,1166023903.0,2629
JNJ,2021-12-31,1736195835.0,3191
JNJ,2022-03-31,1243626056.0,2989
JNJ,2022-06-30,1243676538.0,3023
JNJ,2022-09-30,1587205617.0,3313
JNJ,2022-12-31,1771087064.0,3430
JNJ,2023-03-31,1731414992.0,3464
JNJ,2023-06-30,1706870026.0,3443
JNJ,2023-09-30,1571976972.0,3393
JNJ,2024-03-31,1643599558.0,3624
JNJ,2024-06-30,1693117084.0,3572
JNJ,2024-09-30,1668680568.0,3650
JNJ,2024-12-31,1720116058.0,3839
JNJ,2025-03-31,1683445396.0,3950
JNJ,2025-06-30,1696002962.0,3890
JNJ,2025-09-30,1712972863.0,3985
JNJ,2025-12-31,1483902693.0,3924
JNJ,2026-03-31,1480704368.0,4475
JPM,2013-06-30,2567233640.0,1287
JPM,2013-09-30,2651773900.0,1359
JPM,2013-12-31,2640875388.0,1472
JPM,2014-03-31,2708580543.0,1483
JPM,2014-06-30,2665563726.0,1437
JPM,2014-09-30,2681538812.0,1465
JPM,2014-12-31,2337068760.0,1365
JPM,2015-03-31,2666423199.0,1579
JPM,2015-06-30,2697055309.0,1599
JPM,2015-09-30,2052258253.0,1385
JPM,2015-12-31,2083764048.0,1413
JPM,2016-03-31,2086437346.0,1442
JPM,2016-06-30,2038994966.0,1427
JPM,2016-09-30,2500739657.0,1621
JPM,2016-12-31,2429904242.0,1741
JPM,2017-03-31,2593250577.0,1868
JPM,2017-06-30,2678746070.0,1884
JPM,2017-09-30,2481600324.0,1896
JPM,2017-12-31,2488058178.0,2053
JPM,2018-03-31,2426947235.0,2157
JPM,2018-06-30,2382911204.0,2121
JPM,2018-09-30,2362962007.0,2169
JPM,2018-12-31,2323340017.0,2274
JPM,2019-03-31,2386923880.0,2328
JPM,2019-06-30,1959822077.0,2326
JPM,2019-09-30,2211716321.0,2324
JPM,2019-12-31,2050024399.0,2578
JPM,2020-03-31,2137107409.0,2513
JPM,2020-06-30,2088686788.0,2581
JPM,2020-09-30,1518690752.0,2316
JPM,2020-12-31,1657047669.0,2379
JPM,2021-03-31,1598405897.0,2554
JPM,2021-06-30,1341122215.0,2619
JPM,2021-09-30,1189651984.0,2484
JPM,2021-12-31,1975669768.0,3061
JPM,2022-03-31,1281772527.0,2756
JPM,2022-06-30,1316449643.0,2714
JPM,2022-09-30,1793714812.0,3029
JPM,2022-12-31,2018345726.0,3200
JPM,2023-03-31,2020689064.0,3279
JPM,2023-06-30,1921963587.0,3299
JPM,2023-09-30,1899775825.0,3342
JPM,2024-03-31,2009664684.0,3795
JPM,2024-06-30,2032219056.0,3845
JPM,2024-09-30,1966372496.0,3903
JPM,2024-12-31,2025506748.0,4271
JPM,2025-03-31,1940310714.0,4363
JPM,2025-06-30,1932393110.0,4441
JPM,2025-09-30,1931573527.0,4447
JPM,2025-12-31,1616055933.0,4357
JPM,2026-03-31,1604039057.0,4844
KMI,2013-06-30,484061530.0,515
KMI,2013-09-30,509668046.0,542
KMI,2013-12-31,506308115.0,572
KMI,2014-03-31,487709691.0,602
KMI,2014-06-30,461017140.0,609
KMI,2014-09-30,544698011.0,692
KMI,2014-12-31,918189718.0,898
KMI,2015-03-31,1158869805.0,1064
KMI,2015-06-30,1166340304.0,1062
KMI,2015-09-30,816516254.0,890
KMI,2015-12-31,826365592.0,737
KMI,2016-03-31,853485239.0,766
KMI,2016-06-30,857009507.0,731
KMI,2016-09-30,1173071321.0,876
KMI,2016-12-31,1210885477.0,902
KMI,2017-03-31,1267013439.0,915
KMI,2017-06-30,1284579485.0,868
KMI,2017-09-30,1338579423.0,854
KMI,2017-12-31,1338346994.0,884
KMI,2018-03-31,1340632559.0,929
KMI,2018-06-30,1309314517.0,890
KMI,2018-09-30,1299839159.0,946
KMI,2018-12-31,1367622608.0,957
KMI,2019-03-31,1401232499.0,991
KMI,2019-06-30,1218886200.0,989
KMI,2019-09-30,1375258841.0,989
KMI,2019-12-31,1358602950.0,1045
KMI,2020-03-31,1359842885.0,1020
KMI,2020-06-30,1339421173.0,1004
KMI,2020-09-30,938188627.0,861
KMI,2020-12-31,925146274.0,822
KMI,2021-03-31,954446735.0,873
KMI,2021-06-30,887835423.0,924
KMI,2021-09-30,792699651.0,878
KMI,2021-12-31,1262035223.0,1101
KMI,2022-03-31,826482714.0,992
KMI,2022-06-30,893802359.0,1014
KMI,2022-09-30,1181525160.0,1148
KMI,2022-12-31,1348429909.0,1184
KMI,2023-03-31,1337986856.0,1175
KMI,2023-06-30,1330186060.0,1164
KMI,2023-09-30,1311877592.0,1200
KMI,2024-03-31,1386226443.0,1268
KMI,2024-06-30,1423346763.0,1295
KMI,2024-09-30,1390929080.0,1306
KMI,2024-12-31,1451909370.0,1483
KMI,2025-03-31,1400610098.0,1543
KMI,2025-06-30,1420123720.0,1570
KMI,2025-09-30,1427387613.0,1569
KMI,2025-12-31,1179875265.0,1430
KMI,2026-03-31,1195585203.0,1748
KO,2013-06-30,2117918097.0,1282
KO,2013-09-30,2562945582.0,1337
KO,2013-12-31,2542773807.0,1458
KO,2014-03-31,2513241448.0,1460
KO,2014-06-30,2544644212.0,1449
KO,2014-09-30,2609864524.0,1467
KO,2014-12-31,1908377300.0,1355
KO,2015-03-31,2645967083.0,1548
KO,2015-06-30,2646144459.0,1531
KO,2015-09-30,1597823543.0,1354
KO,2015-12-31,1867418877.0,1348
KO,2016-03-31,1758875575.0,1398
KO,2016-06-30,1765847789.0,1389
KO,2016-09-30,2653240045.0,1525
KO,2016-12-31,2489812953.0,1559
KO,2017-03-31,2696942324.0,1641
KO,2017-06-30,2719701224.0,1633
KO,2017-09-30,2751652079.0,1650
KO,2017-12-31,2772909159.0,1770
KO,2018-03-31,2766556649.0,1795
KO,2018-06-30,2760584286.0,1777
KO,2018-09-30,2764958252.0,1796
KO,2018-12-31,2837172226.0,1915
KO,2019-03-31,2843957994.0,1960
KO,2019-06-30,2524035796.0,1931
KO,2019-09-30,2867433148.0,1971
KO,2019-12-31,2729861178.0,2143
KO,2020-03-31,2870930357.0,2107
KO,2020-06-30,2808276107.0,2119
KO,2020-09-30,1719147210.0,1964
KO,2020-12-31,1842932097.0,1948
KO,2021-03-31,1723143831.0,2048
KO,2021-06-30,1656148761.0,2095
KO,2021-09-30,1490103330.0,1956
KO,2021-12-31,2873633114.0,2397
KO,2022-03-31,1743243553.0,2232
KO,2022-06-30,1708605075.0,2262
KO,2022-09-30,2724102758.0,2495
KO,2022-12-31,2943974496.0,2614
KO,2023-03-31,2943411445.0,2667
KO,2023-06-30,2880970904.0,2641
KO,2023-09-30,2833694048.0,2602
KO,2024-03-31,2976548613.0,2797
KO,2024-06-30,3047008055.0,2841
KO,2024-09-30,3032369374.0,2948
KO,2024-12-31,3084980982.0,3045
KO,2025-03-31,3038104183.0,3200
KO,2025-06-30,3041766076.0,3200
KO,2025-09-30,3076672822.0,3121
KO,2025-12-31,2254153512.0,2987
KO,2026-03-31,2726825836.0,3447
LLY,2013-06-30,767196202.0,837
LLY,2013-09-30,782434191.0,888
LLY,2013-12-31,798791393.0,924
LLY,2014-03-31,807953686.0,946
LLY,2014-06-30,806803045.0,939
LLY,2014-09-30,815304006.0,965
LLY,2014-12-31,754494726.0,917
LLY,2015-03-31,821831434.0,1047
LLY,2015-06-30,822268702.0,1059
LLY,2015-09-30,636441716.0,947
LLY,2015-12-31,652477111.0,962
LLY,2016-03-31,687240293.0,925
LLY,2016-06-30,649606988.0,944
LLY,2016-09-30,796364018.0,1052
LLY,2016-12-31,802202324.0,1080
LLY,2017-03-31,817980248.0,1155
LLY,2017-06-30,823397852.0,1138
LLY,2017-09-30,830821472.0,1138
LLY,2017-12-31,837371981.0,1235
LLY,2018-03-31,818090959.0,1226
LLY,2018-06-30,815188481.0,1256
LLY,2018-09-30,805492968.0,1320
LLY,2018-12-31,806838303.0,1432
LLY,2019-03-31,769565407.0,1509
LLY,2019-06-30,644717993.0,1390
LLY,2019-09-30,725600267.0,1418
LLY,2019-12-31,692463503.0,1545
LLY,2020-03-31,734940582.0,1586
LLY,2020-06-30,726370226.0,1653
LLY,2020-09-30,550308413.0,1509
LLY,2020-12-31,648265514.0,1488
LLY,2021-03-31,608675855.0,1612
LLY,2021-06-30,575074812.0,1679
LLY,2021-09-30,519465558.0,1594
LLY,2021-12-31,766773714.0,2033
LLY,2022-03-31,565900790.0,1908
LLY,2022-06-30,557485520.0,1993
LLY,2022-09-30,735159416.0,2269
LLY,2022-12-31,781369397.0,2430
LLY,2023-03-31,820644945.0,2430
LLY,2023-06-30,753454150.0,2577
LLY,2023-09-30,751048108.0,2729
LLY,2024-03-31,765616192.0,3243
LLY,2024-06-30,775486203.0,3349
LLY,2024-09-30,772567986.0,3434
LLY,2024-12-31,776561573.0,3646
LLY,2025-03-31,812492577.0,3737
LLY,2025-06-30,773934113.0,3730
LLY,2025-09-30,758216528.0,3711
LLY,2025-12-31,657720084.0,3788
LLY,2026-03-31,675253745.0,4235
LMT,2013-06-30,270564559.0,633
LMT,2013-09-30,276326509.0,708
LMT,2013-12-31,281215279.0,780
LMT,2014-03-31,268285855.0,838
LMT,2014-06-30,265567006.0,846
LMT,2014-09-30,265119855.0,861
LMT,2014-12-31,239592375.0,804
LMT,2015-03-31,260274705.0,930
LMT,2015-06-30,252080711.0,932
LMT,2015-09-30,129298287.0,846
LMT,2015-12-31,171545181.0,844
LMT,2016-03-31,186890246.0,905
LMT,2016-06-30,168625188.0,916
LMT,2016-09-30,228297014.0,1001
LMT,2016-12-31,191809375.0,1087
LMT,2017-03-31,228824193.0,1136
LMT,2017-06-30,224032514.0,1137
LMT,2017-09-30,223446411.0,1185
LMT,2017-12-31,223633504.0,1307
LMT,2018-03-31,220484289.0,1356
LMT,2018-06-30,219463485.0,1324
LMT,2018-09-30,218688954.0,1348
LMT,2018-12-31,219042244.0,1375
LMT,2019-03-31,220082287.0,1449
LMT,2019-06-30,197874297.0,1499
LMT,2019-09-30,219169794.0,1582
LMT,2019-12-31,197473473.0,1691
LMT,2020-03-31,216612238.0,1649
LMT,2020-06-30,215388527.0,1711
LMT,2020-09-30,163121051.0,1581
LMT,2020-12-31,143815606.0,1541
LMT,2021-03-31,128537455.0,1604
LMT,2021-06-30,103641640.0,1655
LMT,2021-09-30,91703123.0,1505
LMT,2021-12-31,195718030.0,1808
LMT,2022-03-31,106867782.0,1763
LMT,2022-06-30,101288087.0,1765
LMT,2022-09-30,153991443.0,1938
LMT,2022-12-31,193540029.0,2103
LMT,2023-03-31,189363595.0,2119
LMT,2023-06-30,180687890.0,2099
LMT,2023-09-30,175127318.0,2081
LMT,2024-03-31,174890736.0,2277
LMT,2024-06-30,172623351.0,2294
LMT,2024-09-30,173544009.0,2453
LMT,2024-12-31,175305474.0,2521
LMT,2025-03-31,172457723.0,2433
LMT,2025-06-30,167316293.0,2488
LMT,2025-09-30,169011119.0,2477
LMT,2025-12-31,141850613.0,2330
LMT,2026-03-31,148385989.0,2818
LOW,2013-06-30,765807445.0,764
LOW,2013-09-30,814971728.0,852
LOW,2013-12-31,766999360.0,901
LOW,2014-03-31,751878258.0,888
LOW,2014-06-30,749039942.0,880
LOW,2014-09-30,727717326.0,889
LOW,2014-12-31,633923383.0,852
LOW,2015-03-31,698355807.0,1022
LOW,2015-06-30,685048265.0,1024
LOW,2015-09-30,506970756.0,890
LOW,2015-12-31,474708105.0,907
LOW,2016-03-31,513608842.0,943
LOW,2016-06-30,461769836.0,951
LOW,2016-09-30,600548987.0,1077
LOW,2016-12-31,594049768.0,1106
LOW,2017-03-31,600406233.0,1209
LOW,2017-06-30,609708734.0,1166
LOW,2017-09-30,597378597.0,1183
LOW,2017-12-31,589339760.0,1308
LOW,2018-03-31,598230383.0,1344
LOW,2018-06-30,586480713.0,1360
LOW,2018-09-30,578290282.0,1405
LOW,2018-12-31,598202283.0,1384
LOW,2019-03-31,599395365.0,1466
LOW,2019-06-30,516259172.0,1433
LOW,2019-09-30,566013450.0,1488
LOW,2019-12-31,553568624.0,1623
LOW,2020-03-31,557983040.0,1508
LOW,2020-06-30,556620709.0,1705
LOW,2020-09-30,400203473.0,1618
LOW,2020-12-31,403763788.0,1591
LOW,2021-03-31,389150055.0,1701
LOW,2021-06-30,361053740.0,1754
LOW,2021-09-30,305447945.0,1674
LOW,2021-12-31,473837531.0,2112
LOW,2022-03-31,333190173.0,1859
LOW,2022-06-30,330791704.0,1757
LOW,2022-09-30,413771854.0,1971
LOW,2022-12-31,436356409.0,2073
LOW,2023-03-31,426086111.0,2124
LOW,2023-06-30,397943978.0,2142
LOW,2023-09-30,405502193.0,2108
LOW,2024-03-31,415631664.0,2354
LOW,2024-06-30,421647985.0,2308
LOW,2024-09-30,413683147.0,2393
LOW,2024-12-31,421696833.0,2533
LOW,2025-03-31,412847707.0,2511
LOW,2025-06-30,417054877.0,2471
LOW,2025-09-30,424648326.0,2519
LOW,2025-12-31,345282558.0,2333
LOW,2026-03-31,366813608.0,2603
MA,2013-06-30,85191164.0,709
MA,2013-09-30,87769088.0,776
MA,2013-12-31,85759727.0,840
MA,2014-03-31,817001160.0,866
MA,2014-06-30,800861234.0,854
MA,2014-09-30,812385911.0,859
MA,2014-12-31,633278124.0,800
MA,2015-03-31,827196788.0,987
MA,2015-06-30,811755512.0,988
MA,2015-09-30,654404214.0,883
MA,2015-12-31,623310051.0,900
MA,2016-03-31,595860419.0,919
MA,2016-06-30,634750721.0,922
MA,2016-09-30,749196249.0,1063
MA,2016-12-31,757977123.0,1150
MA,2017-03-31,764569250.0,1179
MA,2017-06-30,775219409.0,1194
MA,2017-09-30,771036198.0,1247
MA,2017-12-31,763906022.0,1382
MA,2018-03-31,769097334.0,1448
MA,2018-06-30,760162778.0,1477
MA,2018-09-30,749764691.0,1552
MA,2018-12-31,798516430.0,1586
MA,2019-03-31,753668720.0,1707
MA,2019-06-30,609312954.0,1719
MA,2019-09-30,733370854.0,1784
MA,2019-12-31,683149743.0,1943
MA,2020-03-31,732219613.0,1953
MA,2020-06-30,732779294.0,2052
MA,2020-09-30,520528743.0,1823
MA,2020-12-31,526740518.0,1814
MA,2021-03-31,512912310.0,1911
MA,2021-06-30,472648339.0,1948
MA,2021-09-30,421213641.0,1812
MA,2021-12-31,705909858.0,2293
MA,2022-03-31,478122215.0,2010
MA,2022-06-30,464100264.0,1999
MA,2022-09-30,661825766.0,2277
MA,2022-12-31,707716178.0,2410
MA,2023-03-31,762685738.0,2490
MA,2023-06-30,687152957.0,2491
MA,2023-09-30,673026000.0,2538
MA,2024-03-31,695510214.0,2869
MA,2024-06-30,707232291.0,2883
MA,2024-09-30,695396674.0,2911
MA,2024-12-31,794495896.0,3155
MA,2025-03-31,771740092.0,3265
MA,2025-06-30,785944200.0,3322
MA,2025-09-30,773485742.0,3282
MA,2025-12-31,636453489.0,3119
MA,2026-03-31,675005462.0,3468
MCD,2013-06-30,594108455.0,1191
MCD,2013-09-30,615493405.0,1257
MCD,2013-12-31,603704446.0,1367
MCD,2014-03-31,610981224.0,1374
MCD,2014-06-30,603279626.0,1356
MCD,2014-09-30,612303342.0,1377
MCD,2014-12-31,541009815.0,1259
MCD,2015-03-31,632443137.0,1449
MCD,2015-06-30,627767330.0,1393
MCD,2015-09-30,458655089.0,1240
MCD,2015-12-31,463014385.0,1242
MCD,2016-03-31,458084741.0,1290
MCD,2016-06-30,444780372.0,1260
MCD,2016-09-30,526247350.0,1357
MCD,2016-12-31,499786469.0,1433
MCD,2017-03-31,534510503.0,1525
MCD,2017-06-30,543622432.0,1542
MCD,2017-09-30,529965121.0,1586
MCD,2017-12-31,533750169.0,1688
MCD,2018-03-31,522173479.0,1718
MCD,2018-06-30,526367929.0,1708
MCD,2018-09-30,511126191.0,1703
MCD,2018-12-31,511605247.0,1838
MCD,2019-03-31,515806268.0,1922
MCD,2019-06-30,423878923.0,1910
MCD,2019-09-30,500946707.0,1942
MCD,2019-12-31,474508946.0,2094
MCD,2020-03-31,491527415.0,2041
MCD,2020-06-30,487500807.0,2072
MCD,2020-09-30,326037292.0,1941
MCD,2020-12-31,400904404.0,1953
MCD,2021-03-31,341532265.0,2062
MCD,2021-06-30,322063325.0,2110
MCD,2021-09-30,291336453.0,1987
MCD,2021-12-31,483014908.0,2449
MCD,2022-03-31,323864292.0,2230
MCD,2022-06-30,325085254.0,2235
MCD,2022-09-30,441513660.0,2459
MCD,2022-12-31,487944709.0,2647
MCD,2023-03-31,486316028.0,2736
MCD,2023-06-30,471591629.0,2749
MCD,2023-09-30,466126409.0,2750
MCD,2024-03-31,495541789.0,2970
MCD,2024-06-30,501217386.0,2896
MCD,2024-09-30,495712258.0,2972
MCD,2024-12-31,517072466.0,3151
MCD,2025-03-31,512526654.0,3239
MCD,2025-06-30,512043523.0,3249
MCD,2025-09-30,505884004.0,3240
MCD,2025-12-31,421294954.0,3076
MCD,2026-03-31,435700233.0,3462
META,2013-06-30,829229624.0,542
META,2013-09-30,1068974487.0,737
META,2013-12-31,1245579630.0,841
META,2014-03-31,1255764882.0,888
META,2014-06-30,1284205240.0,919
META,2014-09-30,1362359368.0,977
META,2014-12-31,1094627776.0,872
META,2015-03-31,1451436984.0,1128
META,2015-06-30,1489006578.0,1181
META,2015-09-30,1213943428.0,1007
META,2015-12-31,1151847733.0,1073
META,2016-03-31,1086310835.0,1172
META,2016-06-30,1249835512.0,1203
META,2016-09-30,1569890270.0,1440
META,2016-12-31,1551464601.0,1521
META,2017-03-31,1640090001.0,1674
META,2017-06-30,1630562692.0,1705
META,2017-09-30,1648598766.0,1767
META,2017-12-31,1658315274.0,1952
META,2018-03-31,1699367137.0,1985
META,2018-06-30,1726064489.0,2039
META,2018-09-30,1659716471.0,2011
META,2018-12-31,1688199017.0,2027
META,2019-03-31,1744249919.0,2137
META,2019-06-30,1463489778.0,2165
META,2019-09-30,1791558388.0,2166
META,2019-12-31,1619732734.0,2400
META,2020-03-31,1831105916.0,2404
META,2020-06-30,1842486163.0,2523
META,2020-09-30,1283912357.0,2255
META,2020-12-31,1363871372.0,2287
META,2021-03-31,1297201474.0,2427
META,2021-06-30,1163787443.0,2500
META,2021-09-30,972361428.0,2384
META,2021-12-31,1705414417.0,3013
META,2022-03-31,1062667429.0,2514
META,2022-06-30,1027582160.0,2344
META,2022-09-30,1483377495.0,2602
META,2022-12-31,1592693795.0,2484
META,2023-03-31,1575785815.0,2810
META,2023-06-30,1573907629.0,3009
META,2023-09-30,1582431503.0,3128
META,2024-03-31,1628351778.0,3731
META,2024-06-30,1654267918.0,3803
META,2024-09-30,1626870238.0,3910
META,2024-12-31,1671980056.0,4278
META,2025-03-31,1616323800.0,4416
META,2025-06-30,1634116261.0,4548
META,2025-09-30,1622379896.0,4609
META,2025-12-31,1244954320.0,4268
META,2026-03-31,1396672653.0,4878
MRK,2013-06-30,2046285346.0,1103
MRK,2013-09-30,2065722283.0,1194
MRK,2013-12-31,2055541698.0,1267
MRK,2014-03-31,2100106134.0,1312
MRK,2014-06-30,2045782226.0,1316
MRK,2014-09-30,2045032019.0,1340
MRK,2014-12-31,1821630008.0,1240
MRK,2015-03-31,2031295716.0,1452
MRK,2015-06-30,2044033885.0,1438
MRK,2015-09-30,1348047137.0,1254
MRK,2015-12-31,1573549789.0,1246
MRK,2016-03-31,1591033707.0,1276
MRK,2016-06-30,1415806552.0,1285
MRK,2016-09-30,1931776524.0,1478
MRK,2016-12-31,1799658718.0,1570
MRK,2017-03-31,1962340674.0,1654
MRK,2017-06-30,1947602792.0,1614
MRK,2017-09-30,1971620801.0,1640
MRK,2017-12-31,1941786683.0,1679
MRK,2018-03-31,1932424760.0,1729
MRK,2018-06-30,1912549008.0,1729
MRK,2018-09-30,1902327522.0,1786
MRK,2018-12-31,1901607217.0,1950
MRK,2019-03-31,1913444961.0,2034
MRK,2019-06-30,1603277863.0,2015
MRK,2019-09-30,1859196038.0,2048
MRK,2019-12-31,1718438165.0,2241
MRK,2020-03-31,1841775412.0,2220
MRK,2020-06-30,1826411352.0,2238
MRK,2020-09-30,1300204315.0,2095
MRK,2020-12-31,1336402310.0,2061
MRK,2021-03-31,1309185070.0,2140
MRK,2021-06-30,1236946655.0,2156
MRK,2021-09-30,1135411974.0,2015
MRK,2021-12-31,1753973893.0,2467
MRK,2022-03-31,1249864927.0,2303
MRK,2022-06-30,1241943068.0,2388
MRK,2022-09-30,1669462937.0,2644
MRK,2022-12-31,1842118004.0,2854
MRK,2023-03-31,1903805944.0,2875
MRK,2023-06-30,1815519464.0,2916
MRK,2023-09-30,1799630255.0,2880
MRK,2024-03-31,1883833914.0,3252
MRK,2024-06-30,1921830979.0,3258
MRK,2024-09-30,1879156996.0,3210
MRK,2024-12-31,1952302204.0,3298
MRK,2025-03-31,1890238565.0,3211
MRK,2025-06-30,1889983206.0,3113
MRK,2025-09-30,1875254756.0,3088
MRK,2025-12-31,1522089812.0,3084
MRK,2026-03-31,1616490968.0,3611
MS,2013-06-30,1452470086.0,563
MS,2013-09-30,1500031647.0,637
MS,2013-12-31,1491702699.0,685
MS,2014-03-31,1497846543.0,684
MS,2014-06-30,1521284941.0,684
MS,2014-09-30,1549793247.0,685
MS,2014-12-31,1405399285.0,647
MS,2015-03-31,1557747957.0,751
MS,2015-06-30,1542589492.0,759
MS,2015-09-30,1270029242.0,642
MS,2015-12-31,1103979569.0,625
MS,2016-03-31,1260524793.0,610
MS,2016-06-30,1257501806.0,574
MS,2016-09-30,1509433874.0,692
MS,2016-12-31,1580596496.0,801
MS,2017-03-31,1558636545.0,860
MS,2017-06-30,1541388276.0,842
MS,2017-09-30,1536365415.0,864
MS,2017-12-31,1506767253.0,959
MS,2018-03-31,1498531099.0,971
MS,2018-06-30,1465207931.0,960
MS,2018-09-30,1448081871.0,971
MS,2018-12-31,1423980848.0,970
MS,2019-03-31,1409072479.0,982
MS,2019-06-30,1186953518.0,941
MS,2019-09-30,1346303370.0,958
MS,2019-12-31,1313870430.0,1020
MS,2020-03-31,1362324311.0,969
MS,2020-06-30,1388587261.0,1035
MS,2020-09-30,1022674231.0,926
MS,2020-12-31,1154294238.0,1027
MS,2021-03-31,1155427805.0,1194
MS,2021-06-30,1119741468.0,1233
MS,2021-09-30,996909891.0,1185
MS,2021-12-31,1446589364.0,1498
MS,2022-03-31,1001681033.0,1317
MS,2022-06-30,1005355059.0,1280
MS,2022-09-30,1265240319.0,1438
MS,2022-12-31,1392593128.0,1518
MS,2023-03-31,1403906782.0,1540
MS,2023-06-30,1344262932.0,1528
MS,2023-09-30,1341299770.0,1524
MS,2024-03-31,1340553970.0,1695
MS,2024-06-30,1343905747.0,1712
MS,2024-09-30,1325441999.0,1747
MS,2024-12-31,1353601807.0,1983
MS,2025-03-31,1335000309.0,1978
MS,2025-06-30,1338667306.0,2100
MS,2025-09-30,1323059138.0,2142
MS,2025-12-31,1154310161.0,2142
MS,2026-03-31,1178419876.0,2408
MSFT,2013-06-30,5253345190.0,1567
MSFT,2013-09-30,5466559805.0,1642
MSFT,2013-12-31,5477569284.0,1800
MSFT,2014-03-31,5569241991.0,1848
MSFT,2014-06-30,5568153662.0,1832
MSFT,2014-09-30,5635296008.0,1870
MSFT,2014-12-31,4787972019.0,1756
MSFT,2015-03-31,5682254137.0,1974
MSFT,2015-06-30,5537406031.0,1954
MSFT,2015-09-30,4023475316.0,1740
MSFT,2015-12-31,4302648731.0,1800
MSFT,2016-03-31,4138833395.0,1844
MSFT,2016-06-30,4060979611.0,1806
MSFT,2016-09-30,5285048311.0,2031
MSFT,2016-12-31,5129160065.0,2171
MSFT,2017-03-31,5494329683.0,2251
MSFT,2017-06-30,5560911292.0,2263
MSFT,2017-09-30,5570274018.0,2298
MSFT,2017-12-31,5564884855.0,2477
MSFT,2018-03-31,5506587335.0,2600
MSFT,2018-06-30,5467420775.0,2593
MSFT,2018-09-30,5441858543.0,2651
MSFT,2018-12-31,5523137446.0,2841
MSFT,2019-03-31,5624737643.0,2939
MSFT,2019-06-30,4573720296.0,2891
MSFT,2019-09-30,5420190675.0,2921
MSFT,2019-12-31,4899717752.0,3199
MSFT,2020-03-31,5274201443.0,3325
MSFT,2020-06-30,5253659448.0,3332
MSFT,2020-09-30,3725649554.0,2988
MSFT,2020-12-31,3924167602.0,3031
MSFT,2021-03-31,3849197969.0,3212
MSFT,2021-06-30,3415681026.0,3233
MSFT,2021-09-30,2993007848.0,3097
MSFT,2021-12-31,5050679257.0,3980
MSFT,2022-03-31,3334315245.0,3596
MSFT,2022-06-30,3277282961.0,3581
MSFT,2022-09-30,4704841450.0,4129
MSFT,2022-12-31,5125623518.0,4227
MSFT,2023-03-31,5315107956.0,4357
MSFT,2023-06-30,4956483403.0,4422
MSFT,2023-09-30,4945554882.0,4487
MSFT,2024-03-31,5155410827.0,4900
MSFT,2024-06-30,5259419794.0,4927
MSFT,2024-09-30,5135441833.0,4981
MSFT,2024-12-31,5312944169.0,5445
MSFT,2025-03-31,5158112725.0,5489
MSFT,2025-06-30,5218417717.0,5534
MSFT,2025-09-30,5264454660.0,5558
MSFT,2025-12-31,4318464303.0,5284
MSFT,2026-03-31,4459545894.0,5997
NEE,2013-06-30,273870372.0,698
NEE,2013-09-30,285012175.0,756
NEE,2013-12-31,292077583.0,798
NEE,2014-03-31,304916997.0,829
NEE,2014-06-30,304543852.0,857
NEE,2014-09-30,307940307.0,863
NEE,2014-12-31,259384209.0,782
NEE,2015-03-31,320185106.0,927
NEE,2015-06-30,322687683.0,908
NEE,2015-09-30,248970635.0,827
NEE,2015-12-31,255146036.0,812
NEE,2016-03-31,275015504.0,872
NEE,2016-06-30,261657059.0,853
NEE,2016-09-30,318743650.0,947
NEE,2016-12-31,343076335.0,995
NEE,2017-03-31,354078120.0,1054
NEE,2017-06-30,373484641.0,1048
NEE,2017-09-30,349055199.0,1086
NEE,2017-12-31,348217493.0,1191
NEE,2018-03-31,351859939.0,1263
NEE,2018-06-30,352470122.0,1242
NEE,2018-09-30,354452381.0,1279
NEE,2018-12-31,389815955.0,1356
NEE,2019-03-31,359192636.0,1429
NEE,2019-06-30,289914073.0,1405
NEE,2019-09-30,367376365.0,1463
NEE,2019-12-31,360454591.0,1592
NEE,2020-03-31,369220669.0,1640
NEE,2020-06-30,366427472.0,1670
NEE,2020-09-30,269847871.0,1571
NEE,2020-12-31,1082142234.0,1616
NEE,2021-03-31,1082391477.0,1713
NEE,2021-06-30,979604617.0,1738
NEE,2021-09-30,905020687.0,1638
NEE,2021-12-31,1431400922.0,2037
NEE,2022-03-31,994452076.0,1878
NEE,2022-06-30,1024684933.0,1827
NEE,2022-09-30,1328824606.0,2078
NEE,2022-12-31,1494335542.0,2191
NEE,2023-03-31,1539690135.0,2186
NEE,2023-06-30,1471297408.0,2164
NEE,2023-09-30,1485884857.0,2074
NEE,2024-03-31,1551922832.0,2274
NEE,2024-06-30,1625346751.0,2347
NEE,2024-09-30,1569078851.0,2473
NEE,2024-12-31,1654016431.0,2558
NEE,2025-03-31,1599671633.0,2571
NEE,2025-06-30,1590668035.0,2535
NEE,2025-09-30,1631656253.0,2581
NEE,2025-12-31,1452527583.0,2508
NEE,2026-03-31,1453176766.0,2906
NKE,2013-06-30,570856035.0,765
NKE,2013-09-30,587940047.0,839
NKE,2013-12-31,562968969.0,896
NKE,2014-03-31,559512741.0,895
NKE,2014-06-30,551634598.0,917
NKE,2014-09-30,555327151.0,937
NKE,2014-12-31,449797293.0,891
NKE,2015-03-31,549369575.0,1049
NKE,2015-06-30,536016823.0,1088
NKE,2015-09-30,415618543.0,1016
NKE,2015-12-31,817523095.0,1024
NKE,2016-03-31,767437415.0,1078
NKE,2016-06-30,824747990.0,1035
NKE,2016-09-30,981711695.0,1137
NKE,2016-12-31,962012249.0,1172
NKE,2017-03-31,1031798386.0,1234
NKE,2017-06-30,1015492177.0,1224
NKE,2017-09-30,1003735493.0,1184
NKE,2017-12-31,1048395588.0,1264
NKE,2018-03-31,1030368990.0,1319
NKE,2018-06-30,1014026858.0,1336
NKE,2018-09-30,998992268.0,1397
NKE,2018-12-31,1005803149.0,1458
NKE,2019-03-31,1027183597.0,1542
NKE,2019-06-30,843700979.0,1494
NKE,2019-09-30,1003539752.0,1573
NKE,2019-12-31,918266948.0,1747
NKE,2020-03-31,990879665.0,1697
NKE,2020-06-30,993363119.0,1790
NKE,2020-09-30,727095576.0,1683
NKE,2020-12-31,771821154.0,1721
NKE,2021-03-31,764527754.0,1809
NKE,2021-06-30,711752372.0,1863
NKE,2021-09-30,649827372.0,1741
NKE,2021-12-31,992770914.0,2199
NKE,2022-03-31,697371704.0,1922
NKE,2022-06-30,656690648.0,1836
NKE,2022-09-30,893169737.0,1952
NKE,2022-12-31,952877847.0,2132
NKE,2023-03-31,964909025.0,2227
NKE,2023-06-30,905615004.0,2137
NKE,2023-09-30,929779710.0,2101
NKE,2024-03-31,950918877.0,2210
NKE,2024-06-30,953162675.0,2071
NKE,2024-09-30,914091761.0,2072
NKE,2024-12-31,939009941.0,2050
NKE,2025-03-31,965400785.0,2002
NKE,2025-06-30,951257684.0,1960
NKE,2025-09-30,935095106.0,1950
NKE,2025-12-31,749141116.0,1731
NKE,2026-03-31,806410881.0,1847
NUE,2013-06-30,237224454.0,476
NUE,2013-09-30,242401009.0,527
NUE,2013-12-31,251825989.0,559
NUE,2014-03-31,243012623.0,538
NUE,2014-06-30,243371584.0,565
NUE,2014-09-30,248732885.0,569
NUE,2014-12-31,209154701.0,522
NUE,2015-03-31,248952758.0,570
NUE,2015-06-30,249780077.0,574
NUE,2015-09-30,173751441.0,489
NUE,2015-12-31,151882900.0,474
NUE,2016-03-31,184358971.0,500
NUE,2016-06-30,180368618.0,522
NUE,2016-09-30,237367930.0,572
NUE,2016-12-31,230149875.0,637
NUE,2017-03-31,241843142.0,675
NUE,2017-06-30,236294798.0,665
NUE,2017-09-30,233590187.0,644
NUE,2017-12-31,248433406.0,691
NUE,2018-03-31,243582880.0,732
NUE,2018-06-30,242040366.0,729
NUE,2018-09-30,237382312.0,754
NUE,2018-12-31,232138296.0,728
NUE,2019-03-31,232025020.0,776
NUE,2019-06-30,202414923.0,698
NUE,2019-09-30,235089698.0,687
NUE,2019-12-31,228011474.0,705
NUE,2020-03-31,223994052.0,629
NUE,2020-06-30,223008970.0,619
NUE,2020-09-30,171026931.0,567
NUE,2020-12-31,181987185.0,581
NUE,2021-03-31,179584157.0,681
NUE,2021-06-30,165354639.0,758
NUE,2021-09-30,143349593.0,706
NUE,2021-12-31,201331012.0,925
NUE,2022-03-31,156472574.0,882
NUE,2022-06-30,152896225.0,854
NUE,2022-09-30,181676999.0,953
NUE,2022-12-31,196125670.0,1029
NUE,2023-03-31,196234185.0,1092
NUE,2023-06-30,186375393.0,1071
NUE,2023-09-30,182302423.0,1063
NUE,2024-03-31,182021878.0,1218
NUE,2024-06-30,181867647.0,1159
NUE,2024-09-30,176728845.0,1126
NUE,2024-12-31,178404592.0,1115
NUE,2025-03-31,168002860.0,1116
NUE,2025-06-30,175103501.0,1127
NUE,2025-09-30,174150298.0,1163
NUE,2025-12-31,150076590.0,1120
NUE,2026-03-31,146148436.0,1324
NVDA,2013-06-30,407775233.0,339
NVDA,2013-09-30,426395956.0,367
NVDA,2013-12-31,427926496.0,386
NVDA,2014-03-31,436303362.0,394
NVDA,2014-06-30,426804510.0,408
NVDA,2014-09-30,422625824.0,423
NVDA,2014-12-31,292471229.0,378
NVDA,2015-03-31,449415819.0,462
NVDA,2015-06-30,449969445.0,437
NVDA,2015-09-30,371911616.0,383
NVDA,2015-12-31,356869786.0,411
NVDA,2016-03-31,329516435.0,461
NVDA,2016-06-30,400673482.0,505
NVDA,2016-09-30,435847943.0,636
NVDA,2016-12-31,423702498.0,703
NVDA,2017-03-31,402534853.0,771
NVDA,2017-06-30,385790644.0,807
NVDA,2017-09-30,391402095.0,904
NVDA,2017-12-31,370597685.0,996
NVDA,2018-03-31,362830680.0,1110
NVDA,2018-06-30,394468016.0,1155
NVDA,2018-09-30,407811366.0,1227
NVDA,2018-12-31,414253157.0,1166
NVDA,2019-03-31,402508448.0,1242
NVDA,2019-06-30,326003183.0,1212
NVDA,2019-09-30,393282294.0,1267
NVDA,2019-12-31,392235616.0,1478
NVDA,2020-03-31,417147684.0,1587
NVDA,2020-06-30,415495275.0,1756
NVDA,2020-09-30,299560204.0,1682
NVDA,2020-12-31,320024458.0,1729
NVDA,2021-03-31,302017178.0,1841
NVDA,2021-06-30,319152776.0,2021
NVDA,2021-09-30,950979051.0,1963
NVDA,2021-12-31,1541788475.0,2657
NVDA,2022-03-31,1122247319.0,2429
NVDA,2022-06-30,1112079497.0,2232
NVDA,2022-09-30,1395159688.0,2395
NVDA,2022-12-31,1554183423.0,2571
NVDA,2023-03-31,1560844895.0,2942
NVDA,2023-06-30,1545019831.0,3222
NVDA,2023-09-30,1536875731.0,3341
NVDA,2024-03-31,1558021995.0,4007
NVDA,2024-06-30,15620567421.0,4206
NVDA,2024-09-30,15124478704.0,4298
NVDA,2024-12-31,15753100831.0,4762
NVDA,2025-03-31,15275965303.0,4813
NVDA,2025-06-30,15767585888.0,4961
NVDA,2025-09-30,15722922283.0,5041
NVDA,2025-12-31,12711465421.0,4859
NVDA,2026-03-31,13394930631.0,5604
O,2013-06-30,107941594.0,315
O,2013-09-30,119215608.0,355
O,2013-12-31,125746082.0,380
O,2014-03-31,141161096.0,400
O,2014-06-30,134727000.0,393
O,2014-09-30,135556593.0,407
O,2014-12-31,134376139.0,392
O,2015-03-31,154369256.0,453
O,2015-06-30,155287194.0,463
O,2015-09-30,121225842.0,424
O,2015-12-31,128051339.0,419
O,2016-03-31,147571817.0,462
O,2016-06-30,157693685.0,474
O,2016-09-30,171304091.0,513
O,2016-12-31,170776257.0,532
O,2017-03-31,186039490.0,552
O,2017-06-30,186494677.0,541
O,2017-09-30,194796633.0,540
O,2017-12-31,197462569.0,590
O,2018-03-31,196027609.0,596
O,2018-06-30,195517942.0,604
O,2018-09-30,202542030.0,631
O,2018-12-31,216911750.0,668
O,2019-03-31,218525801.0,716
O,2019-06-30,180163599.0,705
O,2019-09-30,238672776.0,713
O,2019-12-31,243852130.0,791
O,2020-03-31,248993795.0,708
O,2020-06-30,251418399.0,725
O,2020-09-30,175442942.0,650
O,2020-12-31,194097378.0,646
O,2021-03-31,197560530.0,691
O,2021-06-30,190098737.0,741
O,2021-09-30,177136740.0,707
O,2021-12-31,443660038.0,961
O,2022-03-31,309228938.0,866
O,2022-06-30,331226294.0,872
O,2022-09-30,449528639.0,970
O,2022-12-31,527098586.0,988
O,2023-03-31,539047173.0,1016
O,2023-06-30,542157536.0,986
O,2023-09-30,547042366.0,966
O,2024-03-31,663051100.0,1107
O,2024-06-30,663317411.0,1101
O,2024-09-30,673119615.0,1165
O,2024-12-31,679586528.0,1185
O,2025-03-31,675608831.0,1206
O,2025-06-30,691182139.0,1213
O,2025-09-30,701361669.0,1257
O,2025-12-31,627506051.0,1155
O,2026-03-31,533483270.0,1390
ORCL,2013-06-30,2550476753.0,1113
ORCL,2013-09-30,2606157433.0,1164
ORCL,2013-12-31,2562740564.0,1259
ORCL,2014-03-31,2608185719.0,1277
ORCL,2014-06-30,2548148566.0,1300
ORCL,2014-09-30,2545759193.0,1308
ORCL,2014-12-31,2189837261.0,1204
ORCL,2015-03-31,2532544386.0,1378
ORCL,2015-06-30,2491162584.0,1340
ORCL,2015-09-30,1839427464.0,1133
ORCL,2015-12-31,1943637415.0,1108
ORCL,2016-03-31,1877811855.0,1168
ORCL,2016-06-30,1832321845.0,1120
ORCL,2016-09-30,2225072709.0,1250
ORCL,2016-12-31,2131103215.0,1284
ORCL,2017-03-31,2323281070.0,1380
ORCL,2017-06-30,2351838970.0,1391
ORCL,2017-09-30,2341301650.0,1423
ORCL,2017-12-31,2309564576.0,1503
ORCL,2018-03-31,2287499571.0,1565
ORCL,2018-06-30,2178320347.0,1505
ORCL,2018-09-30,2049700954.0,1522
ORCL,2018-12-31,1885877571.0,1578
ORCL,2019-03-31,1790400368.0,1638
ORCL,2019-06-30,1526914131.0,1619
ORCL,2019-09-30,1650653445.0,1610
ORCL,2019-12-31,1567454379.0,1720
ORCL,2020-03-31,1492192358.0,1643
ORCL,2020-06-30,1472236183.0,1672
ORCL,2020-09-30,1080325874.0,1555
ORCL,2020-12-31,1039725938.0,1555
ORCL,2021-03-31,993333467.0,1650
ORCL,2021-06-30,974804344.0,1708
ORCL,2021-09-30,819133318.0,1606
ORCL,2021-12-31,1079147038.0,1988
ORCL,2022-03-31,842292157.0,1798
ORCL,2022-06-30,798886179.0,1743
ORCL,2022-09-30,1006760977.0,1890
ORCL,2022-12-31,1103683252.0,2057
ORCL,2023-03-31,1153010516.0,2146
ORCL,2023-06-30,1105051135.0,2329
ORCL,2023-09-30,1113077910.0,2294
ORCL,2024-03-31,1158502443.0,2608
ORCL,2024-06-30,1186130619.0,2712
ORCL,2024-09-30,1183638849.0,2849
ORCL,2024-12-31,1215792141.0,3082
ORCL,2025-03-31,1189127212.0,3053
ORCL,2025-06-30,1195751279.0,3406
ORCL,2025-09-30,1224300959.0,3587
ORCL,2025-12-31,1019924197.0,3184
ORCL,2026-03-31,988747482.0,3333
PEP,2013-06-30,1004091902.0,1301
PEP,2013-09-30,1031319617.0,1395
PEP,2013-12-31,997235923.0,1516
PEP,2014-03-31,1019684362.0,1524
PEP,2014-06-30,1000423325.0,1530
PEP,2014-09-30,1010161598.0,1574
PEP,2014-12-31,888295390.0,1479
PEP,2015-03-31,998890181.0,1674
PEP,2015-06-30,989611097.0,1647
PEP,2015-09-30,801142732.0,1487
PEP,2015-12-31,748077767.0,1481
PEP,2016-03-31,821075897.0,1527
PEP,2016-06-30,795737137.0,1526
PEP,2016-09-30,951349558.0,1661
PEP,2016-12-31,961628532.0,1724
PEP,2017-03-31,991242491.0,1826
PEP,2017-06-30,980179078.0,1813
PEP,2017-09-30,982279200.0,1834
PEP,2017-12-31,984017577.0,1934
PEP,2018-03-31,975401316.0,1983
PEP,2018-06-30,977506007.0,1936
PEP,2018-09-30,972604907.0,1962
PEP,2018-12-31,986719606.0,2074
PEP,2019-03-31,990396278.0,2159
PEP,2019-06-30,851615064.0,2151
PEP,2019-09-30,977067749.0,2170
PEP,2019-12-31,959611202.0,2358
PEP,2020-03-31,961115437.0,2330
PEP,2020-06-30,961851393.0,2335
PEP,2020-09-30,719380619.0,2179
PEP,2020-12-31,769577032.0,2164
PEP,2021-03-31,737345723.0,2258
PEP,2021-06-30,697185090.0,2322
PEP,2021-09-30,644822841.0,2179
PEP,2021-12-31,960254570.0,2660
PEP,2022-03-31,680117747.0,2475
PEP,2022-06-30,684568908.0,2469
PEP,2022-09-30,889661709.0,2759
PEP,2022-12-31,977754944.0,2908
PEP,2023-03-31,1032754790.0,2953
PEP,2023-06-30,947604126.0,2945
PEP,2023-09-30,944102879.0,2948
PEP,2024-03-31,980295912.0,3159
PEP,2024-06-30,1002155481.0,3133
PEP,2024-09-30,979387515.0,3148
PEP,2024-12-31,1023485769.0,3244
PEP,2025-03-31,989589309.0,3249
PEP,2025-06-30,1001549970.0,3169
PEP,2025-09-30,1001731291.0,3140
PEP,2025-12-31,860201919.0,3028
PEP,2026-03-31,848306212.0,3430
PFE,2013-06-30,4584577946.0,1404
PFE,2013-09-30,4394632890.0,1471
PFE,2013-12-31,4238234475.0,1589
PFE,2014-03-31,4318081704.0,1651
PFE,2014-06-30,4224876360.0,1596
PFE,2014-09-30,4229553219.0,1627
PFE,2014-12-31,3780801089.0,1517
PFE,2015-03-31,4337647464.0,1764
PFE,2015-06-30,4260348426.0,1760
PFE,2015-09-30,3242458754.0,1553
PFE,2015-12-31,3212978476.0,1548
PFE,2016-03-31,3602694538.0,1572
PFE,2016-06-30,3354721067.0,1593
PFE,2016-09-30,4032689473.0,1750
PFE,2016-12-31,4052003439.0,1832
PFE,2017-03-31,4091361601.0,1918
PFE,2017-06-30,4056923077.0,1867
PFE,2017-09-30,4107106945.0,1880
PFE,2017-12-31,4140081645.0,2016
PFE,2018-03-31,4095743478.0,2074
PFE,2018-06-30,4076840891.0,2022
PFE,2018-09-30,4044921691.0,2091
PFE,2018-12-31,4005753164.0,2205
PFE,2019-03-31,3984253839.0,2247
PFE,2019-06-30,3331840450.0,2193
PFE,2019-09-30,3846656909.0,2164
PFE,2019-12-31,3646318404.0,2343
PFE,2020-03-31,3848955360.0,2293
PFE,2020-06-30,3821118948.0,2287
PFE,2020-09-30,2699473990.0,2161
PFE,2020-12-31,2865010900.0,2119
PFE,2021-03-31,2568918995.0,2215
PFE,2021-06-30,2285951105.0,2283
PFE,2021-09-30,2157310776.0,2222
PFE,2021-12-31,3597644774.0,2869
PFE,2022-03-31,2349927631.0,2605
PFE,2022-06-30,2318965603.0,2618
PFE,2022-09-30,3410194991.0,2823
PFE,2022-12-31,3817064916.0,2967
PFE,2023-03-31,3791769751.0,2887
PFE,2023-06-30,3726589366.0,2794
PFE,2023-09-30,3693619383.0,2696
PFE,2024-03-31,3684327290.0,2704
PFE,2024-06-30,3689645923.0,2706
PFE,2024-09-30,3610434065.0,2732
PFE,2024-12-31,3717705868.0,2786
PFE,2025-03-31,3597865244.0,2782
PFE,2025-06-30,3614943016.0,2666
PFE,2025-09-30,3582442838.0,2670
PFE,2025-12-31,3137156239.0,2505
PFE,2026-03-31,3091117498.0,2843
PG,2013-06-30,1485289957.0,1430
PG,2013-09-30,1545494783.0,1502
PG,2013-12-31,1553244122.0,1644
PG,2014-03-31,1563197954.0,1658
PG,2014-06-30,1559275304.0,1650
PG,2014-09-30,1562766414.0,1654
PG,2014-12-31,1345661325.0,1579
PG,2015-03-31,1585938593.0,1784
PG,2015-06-30,1581765536.0,1760
PG,2015-09-30,1211330343.0,1591
PG,2015-12-31,1194403899.0,1585
PG,2016-03-31,1254429857.0,1630
PG,2016-06-30,1253832015.0,1620
PG,2016-09-30,1738750233.0,1773
PG,2016-12-31,1427989349.0,1837
PG,2017-03-31,1509218064.0,1923
PG,2017-06-30,1486165969.0,1883
PG,2017-09-30,1484283397.0,1909
PG,2017-12-31,1505076446.0,2033
PG,2018-03-31,1480073608.0,2068
PG,2018-06-30,1453833639.0,2026
PG,2018-09-30,1453179991.0,2064
PG,2018-12-31,1547314115.0,2222
PG,2019-03-31,1557971279.0,2287
PG,2019-06-30,1336683957.0,2264
PG,2019-09-30,1546643410.0,2313
PG,2019-12-31,1500955084.0,2526
PG,2020-03-31,1547445505.0,2508
PG,2020-06-30,1542863419.0,2518
PG,2020-09-30,1082358809.0,2354
PG,2020-12-31,1183194248.0,2325
PG,2021-03-31,1130752077.0,2431
PG,2021-06-30,1074402627.0,2470
PG,2021-09-30,950715600.0,2337
PG,2021-12-31,1476513435.0,2875
PG,2022-03-31,1046841543.0,2675
PG,2022-06-30,1033984103.0,2688
PG,2022-09-30,1339850506.0,2923
PG,2022-12-31,1477459730.0,3081
PG,2023-03-31,1510813886.0,3136
PG,2023-06-30,1433597809.0,3126
PG,2023-09-30,1432292641.0,3132
PG,2024-03-31,1530633902.0,3421
PG,2024-06-30,1572491334.0,3434
PG,2024-09-30,1540538724.0,3512
PG,2024-12-31,1587298832.0,3732
PG,2025-03-31,1547899202.0,3823
PG,2025-06-30,1542423168.0,3767
PG,2025-09-30,1550181488.0,3694
PG,2025-12-31,1309071622.0,3485
PG,2026-03-31,1318017751.0,3863
PLD,2013-06-30,457320350.0,314
PLD,2013-09-30,468478845.0,330
PLD,2013-12-31,490169066.0,350
PLD,2014-03-31,492888185.0,361
PLD,2014-06-30,471834072.0,371
PLD,2014-09-30,486704342.0,376
PLD,2014-12-31,417466240.0,323
PLD,2015-03-31,520609206.0,398
PLD,2015-06-30,493008435.0,412
PLD,2015-09-30,414057870.0,344
PLD,2015-12-31,369227393.0,339
PLD,2016-03-31,384836940.0,363
PLD,2016-06-30,409638974.0,375
PLD,2016-09-30,502587847.0,419
PLD,2016-12-31,499151681.0,444
PLD,2017-03-31,498376065.0,471
PLD,2017-06-30,503636987.0,482
PLD,2017-09-30,499906093.0,517
PLD,2017-12-31,502791218.0,540
PLD,2018-03-31,497086905.0,575
PLD,2018-06-30,501639601.0,568
PLD,2018-09-30,587672026.0,597
PLD,2018-12-31,585380198.0,626
PLD,2019-03-31,600160633.0,654
PLD,2019-06-30,503898948.0,639
PLD,2019-09-30,595621412.0,691
PLD,2019-12-31,596437855.0,735
PLD,2020-03-31,694240268.0,798
PLD,2020-06-30,692303396.0,839
PLD,2020-09-30,481688837.0,785
PLD,2020-12-31,506915681.0,744
PLD,2021-03-31,496939199.0,779
PLD,2021-06-30,482787652.0,824
PLD,2021-09-30,395950118.0,769
PLD,2021-12-31,669804797.0,1073
PLD,2022-03-31,464752689.0,967
PLD,2022-06-30,459369125.0,915
PLD,2022-09-30,629999266.0,1045
PLD,2022-12-31,826584841.0,1184
PLD,2023-03-31,835872476.0,1250
PLD,2023-06-30,804121957.0,1255
PLD,2023-09-30,812120201.0,1248
PLD,2024-03-31,838960668.0,1378
PLD,2024-06-30,846583610.0,1355
PLD,2024-09-30,832497847.0,1400
PLD,2024-12-31,856082178.0,1389
PLD,2025-03-31,841352085.0,1418
PLD,2025-06-30,854795289.0,1409
PLD,2025-09-30,854357782.0,1423
PLD,2025-12-31,732560612.0,1377
PLD,2026-03-31,726300339.0,1608
PM,2013-06-30,1086584916.0,1138
PM,2013-09-30,1072129652.0,1210
PM,2013-12-31,1047351430.0,1292
PM,2014-03-31,1060685245.0,1282
PM,2014-06-30,1039661614.0,1276
PM,2014-09-30,1043364426.0,1271
PM,2014-12-31,952266757.0,1176
PM,2015-03-31,1057729238.0,1321
PM,2015-06-30,1054223068.0,1304
PM,2015-09-30,720392342.0,1178
PM,2015-12-31,885491563.0,1188
PM,2016-03-31,749929560.0,1249
PM,2016-06-30,732541913.0,1231
PM,2016-09-30,1060213566.0,1352
PM,2016-12-31,928452917.0,1357
PM,2017-03-31,1113754782.0,1496
PM,2017-06-30,1100540052.0,1482
PM,2017-09-30,1115176598.0,1502
PM,2017-12-31,1116176507.0,1553
PM,2018-03-31,1111998340.0,1622
PM,2018-06-30,1115021063.0,1509
PM,2018-09-30,1115084897.0,1500
PM,2018-12-31,1131236068.0,1529
PM,2019-03-31,1142304141.0,1625
PM,2019-06-30,990905068.0,1537
PM,2019-09-30,1122946662.0,1549
PM,2019-12-31,976236019.0,1695
PM,2020-03-31,1152611589.0,1580
PM,2020-06-30,1147709751.0,1554
PM,2020-09-30,864414147.0,1435
PM,2020-12-31,891227447.0,1424
PM,2021-03-31,882426655.0,1522
PM,2021-06-30,647288367.0,1549
PM,2021-09-30,561266800.0,1449
PM,2021-12-31,1137618020.0,1732
PM,2022-03-31,660532914.0,1607
PM,2022-06-30,578863957.0,1603
PM,2022-09-30,1085073075.0,1755
PM,2022-12-31,1166690282.0,1854
PM,2023-03-31,1193893941.0,1900
PM,2023-06-30,1212830370.0,1855
PM,2023-09-30,1147642087.0,1862
PM,2024-03-31,1213488060.0,2031
PM,2024-06-30,1228258489.0,2090
PM,2024-09-30,1226610545.0,2210
PM,2024-12-31,1242636941.0,2354
PM,2025-03-31,1247460676.0,2575
PM,2025-06-30,1233360669.0,2700
PM,2025-09-30,1270357166.0,2594
PM,2025-12-31,1079361373.0,2395
PM,2026-03-31,1129817265.0,2766
PSA,2013-06-30,122963458.0,374
PSA,2013-09-30,126522937.0,413
PSA,2013-12-31,131252137.0,433
PSA,2014-03-31,134110234.0,428
PSA,2014-06-30,128513599.0,427
PSA,2014-09-30,132688219.0,439
PSA,2014-12-31,110885043.0,412
PSA,2015-03-31,138159283.0,472
PSA,2015-06-30,133944999.0,478
PSA,2015-09-30,103454295.0,434
PSA,2015-12-31,101486129.0,430
PSA,2016-03-31,97867067.0,460
PSA,2016-06-30,106565073.0,474
PSA,2016-09-30,127344371.0,509
PSA,2016-12-31,130840220.0,542
PSA,2017-03-31,137470132.0,575
PSA,2017-06-30,137472009.0,549
PSA,2017-09-30,138756827.0,570
PSA,2017-12-31,140273433.0,591
PSA,2018-03-31,140934536.0,620
PSA,2018-06-30,139954444.0,616
PSA,2018-09-30,137711787.0,624
PSA,2018-12-31,137541692.0,635
PSA,2019-03-31,139968198.0,675
PSA,2019-06-30,114873336.0,632
PSA,2019-09-30,137614320.0,677
PSA,2019-12-31,133522422.0,690
PSA,2020-03-31,138508335.0,669
PSA,2020-06-30,135450968.0,671
PSA,2020-09-30,90979047.0,600
PSA,2020-12-31,97469904.0,594
PSA,2021-03-31,90595633.0,617
PSA,2021-06-30,86662148.0,659
PSA,2021-09-30,77037450.0,648
PSA,2021-12-31,132926897.0,838
PSA,2022-03-31,87349508.0,780
PSA,2022-06-30,83414493.0,742
PSA,2022-09-30,122527080.0,840
PSA,2022-12-31,136965466.0,844
PSA,2023-03-31,137902190.0,861
PSA,2023-06-30,134790856.0,888
PSA,2023-09-30,135328761.0,877
PSA,2024-03-31,136557880.0,996
PSA,2024-06-30,136711581.0,999
PSA,2024-09-30,137782614.0,1048
PSA,2024-12-31,140348931.0,1060
PSA,2025-03-31,134855745.0,1075
PSA,2025-06-30,138261660.0,1087
PSA,2025-09-30,135370642.0,1059
PSA,2025-12-31,119176372.0,916
PSA,2026-03-31,116888428.0,1045
PSX,2013-06-30,362768620.0,802
PSX,2013-09-30,397684314.0,835
PSX,2013-12-31,402825229.0,927
PSX,2014-03-31,385265921.0,936
PSX,2014-06-30,383819503.0,965
PSX,2014-09-30,380367684.0,958
PSX,2014-12-31,313121920.0,851
PSX,2015-03-31,374384915.0,995
PSX,2015-06-30,350087789.0,997
PSX,2015-09-30,229218406.0,872
PSX,2015-12-31,235585836.0,875
PSX,2016-03-31,240312234.0,909
PSX,2016-06-30,240924773.0,887
PSX,2016-09-30,349238929.0,969
PSX,2016-12-31,349038930.0,1028
PSX,2017-03-31,354198432.0,1030
PSX,2017-06-30,352246171.0,1016
PSX,2017-09-30,354397291.0,1052
PSX,2017-12-31,355472179.0,1152
PSX,2018-03-31,317902307.0,1196
PSX,2018-06-30,319088979.0,1243
PSX,2018-09-30,313919285.0,1281
PSX,2018-12-31,313500970.0,1241
PSX,2019-03-31,316985802.0,1325
PSX,2019-06-30,265343029.0,1247
PSX,2019-09-30,298653037.0,1291
PSX,2019-12-31,293722727.0,1431
PSX,2020-03-31,287578240.0,1148
PSX,2020-06-30,283590617.0,1187
PSX,2020-09-30,199736689.0,940
PSX,2020-12-31,228474970.0,969
PSX,2021-03-31,211711966.0,1043
PSX,2021-06-30,194056363.0,1096
PSX,2021-09-30,169607325.0,956
PSX,2021-12-31,294153151.0,1187
PSX,2022-03-31,199639682.0,1127
PSX,2022-06-30,233008682.0,1147
PSX,2022-09-30,291615161.0,1282
PSX,2022-12-31,331850424.0,1427
PSX,2023-03-31,352458490.0,1452
PSX,2023-06-30,294435070.0,1400
PSX,2023-09-30,303888482.0,1522
PSX,2024-03-31,314322965.0,1759
PSX,2024-06-30,310598447.0,1685
PSX,2024-09-30,289485290.0,1661
PSX,2024-12-31,305492128.0,1667
PSX,2025-03-31,299564341.0,1698
PSX,2025-06-30,307538433.0,1681
PSX,2025-09-30,302977881.0,1752
PSX,2025-12-31,230598466.0,1611
PSX,2026-03-31,251618827.0,2053
RTX,2020-03-31,41585269.0,114
RTX,2020-06-30,1118682749.0,1658
RTX,2020-09-30,838147610.0,1531
RTX,2020-12-31,871980658.0,1543
RTX,2021-03-31,828494587.0,1659
RTX,2021-06-30,698966822.0,1685
RTX,2021-09-30,597146219.0,1560
RTX,2021-12-31,1141154747.0,1879
RTX,2022-03-31,668259958.0,1810
RTX,2022-06-30,646071083.0,1826
RTX,2022-09-30,985987656.0,1970
RTX,2022-12-31,1146025570.0,2126
RTX,2023-03-31,1135589491.0,2195
RTX,2023-06-30,1105069740.0,2204
RTX,2023-09-30,1077556724.0,2063
RTX,2024-03-31,1090228251.0,2309
RTX,2024-06-30,1082338036.0,2355
RTX,2024-09-30,1033299767.0,2506
RTX,2024-12-31,1073630185.0,2604
RTX,2025-03-31,1063524759.0,2734
RTX,2025-06-30,1064890223.0,2796
RTX,2025-09-30,1050032501.0,2896
RTX,2025-12-31,936393017.0,2849
RTX,2026-03-31,1019162579.0,3310
SHW,2013-06-30,71098919.0,454
SHW,2013-09-30,73463981.0,458
SHW,2013-12-31,72613892.0,482
SHW,2014-03-31,71966049.0,476
SHW,2014-06-30,70993148.0,462
SHW,2014-09-30,68806248.0,473
SHW,2014-12-31,60132710.0,464
SHW,2015-03-31,68276428.0,569
SHW,2015-06-30,67841926.0,567
SHW,2015-09-30,52150066.0,500
SHW,2015-12-31,49760824.0,505
SHW,2016-03-31,49601919.0,549
SHW,2016-06-30,53336212.0,557
SHW,2016-09-30,64903537.0,642
SHW,2016-12-31,65521747.0,666
SHW,2017-03-31,67088180.0,721
SHW,2017-06-30,67673371.0,719
SHW,2017-09-30,69964031.0,717
SHW,2017-12-31,69482054.0,808
SHW,2018-03-31,68930865.0,795
SHW,2018-06-30,72827344.0,787
SHW,2018-09-30,70048600.0,841
SHW,2018-12-31,70441678.0,843
SHW,2019-03-31,70203435.0,881
SHW,2019-06-30,60919862.0,875
SHW,2019-09-30,69677467.0,931
SHW,2019-12-31,65216642.0,1023
SHW,2020-03-31,68398982.0,972
SHW,2020-06-30,67691795.0,1044
SHW,2020-09-30,51916749.0,1003
SHW,2020-12-31,53198707.0,985
SHW,2021-03-31,55488277.0,1043
SHW,2021-06-30,140467453.0,1059
SHW,2021-09-30,118682685.0,989
SHW,2021-12-31,193065452.0,1269
SHW,2022-03-31,133755865.0,1050
SHW,2022-06-30,127435550.0,1017
SHW,2022-09-30,178340415.0,1142
SHW,2022-12-31,192813340.0,1213
SHW,2023-03-31,193465919.0,1209
SHW,2023-06-30,185748419.0,1245
SHW,2023-09-30,186489707.0,1288
SHW,2024-03-31,191994355.0,1488
SHW,2024-06-30,198060230.0,1454
SHW,2024-09-30,190028016.0,1553
SHW,2024-12-31,201708165.0,1588
SHW,2025-03-31,195516216.0,1568
SHW,2025-06-30,196010744.0,1577
SHW,2025-09-30,197774316.0,1557
SHW,2025-12-31,154381511.0,1438
SHW,2026-03-31,167696100.0,1638
SO,2013-06-30,374765450.0,745
SO,2013-09-30,392897427.0,791
SO,2013-12-31,412333561.0,812
SO,2014-03-31,418688977.0,849
SO,2014-06-30,424122514.0,881
SO,2014-09-30,439636581.0,864
SO,2014-12-31,398610752.0,869
SO,2015-03-31,435993542.0,974
SO,2015-06-30,444196311.0,925
SO,2015-09-30,361723499.0,856
SO,2015-12-31,337667497.0,856
SO,2016-03-31,371197896.0,926
SO,2016-06-30,406301332.0,929
SO,2016-09-30,479027109.0,1008
SO,2016-12-31,481211553.0,1042
SO,2017-03-31,526331802.0,1110
SO,2017-06-30,524914962.0,1068
SO,2017-09-30,531039958.0,1058
SO,2017-12-31,556898237.0,1097
SO,2018-03-31,564685532.0,1105
SO,2018-06-30,572586790.0,1077
SO,2018-09-30,570473684.0,1103
SO,2018-12-31,568702733.0,1107
SO,2019-03-31,587896731.0,1181
SO,2019-06-30,477839863.0,1159
SO,2019-09-30,609837141.0,1221
SO,2019-12-31,615177145.0,1344
SO,2020-03-31,615960536.0,1282
SO,2020-06-30,600776647.0,1281
SO,2020-09-30,428158135.0,1168
SO,2020-12-31,459089290.0,1191
SO,2021-03-31,450020055.0,1227
SO,2021-06-30,439120645.0,1253
SO,2021-09-30,385903350.0,1173
SO,2021-12-31,620784354.0,1448
SO,2022-03-31,432809593.0,1371
SO,2022-06-30,429869497.0,1373
SO,2022-09-30,596302144.0,1507
SO,2022-12-31,674613041.0,1573
SO,2023-03-31,683707893.0,1575
SO,2023-06-30,665104454.0,1573
SO,2023-09-30,665393923.0,1584
SO,2024-03-31,697036532.0,1715
SO,2024-06-30,722857441.0,1783
SO,2024-09-30,724742616.0,1890
SO,2024-12-31,742632158.0,1985
SO,2025-03-31,732405208.0,2098
SO,2025-06-30,760820672.0,2092
SO,2025-09-30,778680932.0,2113
SO,2025-12-31,652513000.0,1945
SO,2026-03-31,662900733.0,2278
SPG,2013-06-30,276307595.0,491
SPG,2013-09-30,281896047.0,514
SPG,2013-12-31,293322876.0,536
SPG,2014-03-31,297606665.0,541
SPG,2014-06-30,285717041.0,562
SPG,2014-09-30,297153618.0,560
SPG,2014-12-31,246248954.0,542
SPG,2015-03-31,310580424.0,627
SPG,2015-06-30,294888539.0,612
SPG,2015-09-30,233030085.0,546
SPG,2015-12-31,211889691.0,532
SPG,2016-03-31,220792009.0,541
SPG,2016-06-30,243893001.0,554
SPG,2016-09-30,293919727.0,619
SPG,2016-12-31,291477758.0,640
SPG,2017-03-31,302298733.0,637
SPG,2017-06-30,300491602.0,601
SPG,2017-09-30,299939249.0,612
SPG,2017-12-31,298926184.0,629
SPG,2018-03-31,295645379.0,653
SPG,2018-06-30,297957384.0,662
SPG,2018-09-30,293400211.0,691
SPG,2018-12-31,291031788.0,728
SPG,2019-03-31,293056002.0,760
SPG,2019-06-30,250555828.0,716
SPG,2019-09-30,287952392.0,718
SPG,2019-12-31,259002351.0,729
SPG,2020-03-31,286108917.0,619
SPG,2020-06-30,273157704.0,640
SPG,2020-09-30,171603025.0,562
SPG,2020-12-31,202177083.0,583
SPG,2021-03-31,200823009.0,680
SPG,2021-06-30,192741276.0,720
SPG,2021-09-30,173600661.0,671
SPG,2021-12-31,278938108.0,922
SPG,2022-03-31,198382399.0,795
SPG,2022-06-30,173088065.0,724
SPG,2022-09-30,245914607.0,827
SPG,2022-12-31,276380898.0,910
SPG,2023-03-31,277452772.0,907
SPG,2023-06-30,269578130.0,895
SPG,2023-09-30,264299567.0,897
SPG,2024-03-31,269078919.0,1024
SPG,2024-06-30,285999124.0,1034
SPG,2024-09-30,272415744.0,1059
SPG,2024-12-31,290765779.0,1122
SPG,2025-03-31,279576892.0,1132
SPG,2025-06-30,283407031.0,1143
SPG,2025-09-30,286836805.0,1150
SPG,2025-12-31,238097356.0,1068
SPG,2026-03-31,233350541.0,1260
SRE,2013-06-30,157994102.0,385
SRE,2013-09-30,162197206.0,431
SRE,2013-12-31,161470426.0,442
SRE,2014-03-31,165796307.0,483
SRE,2014-06-30,158609312.0,495
SRE,2014-09-30,169799485.0,484
SRE,2014-12-31,148377636.0,459
SRE,2015-03-31,175360064.0,537
SRE,2015-06-30,175210309.0,532
SRE,2015-09-30,124926406.0,425
SRE,2015-12-31,130168349.0,416
SRE,2016-03-31,132346555.0,432
SRE,2016-06-30,138812009.0,443
SRE,2016-09-30,192363967.0,482
SRE,2016-12-31,177127540.0,528
SRE,2017-03-31,197663883.0,560
SRE,2017-06-30,204214975.0,542
SRE,2017-09-30,200307222.0,565
SRE,2017-12-31,203847675.0,612
SRE,2018-03-31,236707728.0,616
SRE,2018-06-30,239732526.0,628
SRE,2018-09-30,253224026.0,639
SRE,2018-12-31,257251878.0,662
SRE,2019-03-31,266378966.0,701
SRE,2019-06-30,189384690.0,683
SRE,2019-09-30,247988709.0,709
SRE,2019-12-31,223294043.0,775
SRE,2020-03-31,240993018.0,712
SRE,2020-06-30,243737362.0,734
SRE,2020-09-30,154038552.0,657
SRE,2020-12-31,161660845.0,617
SRE,2021-03-31,165514601.0,637
SRE,2021-06-30,152545363.0,651
SRE,2021-09-30,142657679.0,587
SRE,2021-12-31,261580648.0,794
SRE,2022-03-31,159770890.0,746
SRE,2022-06-30,156189589.0,757
SRE,2022-09-30,242492093.0,871
SRE,2022-12-31,266883705.0,915
SRE,2023-03-31,263287857.0,901
SRE,2023-06-30,262434903.0,904
SRE,2023-09-30,511263377.0,896
SRE,2024-03-31,544477966.0,985
SRE,2024-06-30,565901349.0,977
SRE,2024-09-30,550962958.0,1029
SRE,2024-12-31,582729171.0,1144
SRE,2025-03-31,555289891.0,1092
SRE,2025-06-30,565610111.0,1070
SRE,2025-09-30,596749293.0,1084
SRE,2025-12-31,464865613.0,1010
SRE,2026-03-31,497580552.0,1229
T,2013-06-30,2649490757.0,1161
T,2013-09-30,2716654660.0,1227
T,2013-12-31,2636772448.0,1335
T,2014-03-31,2628721725.0,1352
T,2014-06-30,2589354013.0,1352
T,2014-09-30,2624435912.0,1361
T,2014-12-31,2396014452.0,1289
T,2015-03-31,2650750595.0,1459
T,2015-06-30,2725733839.0,1470
T,2015-09-30,2508280759.0,1364
T,2015-12-31,2436265486.0,1351
T,2016-03-31,2605845289.0,1429
T,2016-06-30,2733283150.0,1440
T,2016-09-30,3128810984.0,1577
T,2016-12-31,3129384831.0,1643
T,2017-03-31,3329478434.0,1707
T,2017-06-30,3308392885.0,1684
T,2017-09-30,3370229983.0,1695
T,2017-12-31,3311768905.0,1825
T,2018-03-31,3298781010.0,1888
T,2018-06-30,3903889747.0,1995
T,2018-09-30,3795689127.0,1976
T,2018-12-31,3789441158.0,2039
T,2019-03-31,3818911179.0,2066
T,2019-06-30,3236724160.0,2028
T,2019-09-30,3840873410.0,2079
T,2019-12-31,3877591917.0,2293
T,2020-03-31,3804861188.0,2242
T,2020-06-30,3696409332.0,2224
T,2020-09-30,2686781761.0,2023
T,2020-12-31,2751475228.0,1999
T,2021-03-31,2713043284.0,2093
T,2021-06-30,2678365790.0,2085
T,2021-09-30,2470320183.0,1918
T,2021-12-31,3645432177.0,2166
T,2022-03-31,2676491435.0,1962
T,2022-06-30,2622706888.0,1898
T,2022-09-30,3325644880.0,2074
T,2022-12-31,3780567114.0,2168
T,2023-03-31,3825994610.0,2186
T,2023-06-30,3700264206.0,2165
T,2023-09-30,3733450807.0,2083
T,2024-03-31,4056643900.0,2254
T,2024-06-30,4230553913.0,2226
T,2024-09-30,4238368501.0,2264
T,2024-12-31,4471084671.0,2474
T,2025-03-31,4462220650.0,2697
T,2025-06-30,4517511710.0,2718
T,2025-09-30,4530391408.0,2687
T,2025-12-31,3807464851.0,2428
T,2026-03-31,3747476167.0,2849
TMO,2013-06-30,331705074.0,700
TMO,2013-09-30,346911108.0,747
TMO,2013-12-31,343628193.0,810
TMO,2014-03-31,351596020.0,850
TMO,2014-06-30,354430322.0,843
TMO,2014-09-30,354756678.0,856
TMO,2014-12-31,281318664.0,758
TMO,2015-03-31,350525362.0,911
TMO,2015-06-30,345672197.0,917
TMO,2015-09-30,247885027.0,786
TMO,2015-12-31,248026116.0,779
TMO,2016-03-31,234386775.0,818
TMO,2016-06-30,239511642.0,832
TMO,2016-09-30,329932710.0,936
TMO,2016-12-31,311367956.0,998
TMO,2017-03-31,332881727.0,1045
TMO,2017-06-30,328701091.0,1049
TMO,2017-09-30,342220700.0,1070
TMO,2017-12-31,345840439.0,1124
TMO,2018-03-31,340426998.0,1204
TMO,2018-06-30,343243116.0,1209
TMO,2018-09-30,345619708.0,1256
TMO,2018-12-31,343998388.0,1335
TMO,2019-03-31,350780104.0,1426
TMO,2019-06-30,297548875.0,1436
TMO,2019-09-30,350648966.0,1443
TMO,2019-12-31,315929175.0,1565
TMO,2020-03-31,342799131.0,1571
TMO,2020-06-30,345477780.0,1635
TMO,2020-09-30,251891018.0,1558
TMO,2020-12-31,261593278.0,1571
TMO,2021-03-31,250575919.0,1661
TMO,2021-06-30,216461352.0,1693
TMO,2021-09-30,197955276.0,1631
TMO,2021-12-31,328646385.0,2055
TMO,2022-03-31,221258687.0,1837
TMO,2022-06-30,216787258.0,1813
TMO,2022-09-30,312332717.0,2073
TMO,2022-12-31,333779371.0,2157
TMO,2023-03-31,367882315.0,2218
TMO,2023-06-30,327590888.0,2193
TMO,2023-09-30,315205373.0,2189
TMO,2024-03-31,327593195.0,2387
TMO,2024-06-30,336349301.0,2391
TMO,2024-09-30,327763775.0,2426
TMO,2024-12-31,335628061.0,2457
TMO,2025-03-31,324359852.0,2451
TMO,2025-06-30,318613653.0,2346
TMO,2025-09-30,324681254.0,2392
TMO,2025-12-31,264407435.0,2308
TMO,2026-03-31,288596793.0,2517
TSLA,2013-06-30,67884520.0,222
TSLA,2013-09-30,72819125.0,299
TSLA,2013-12-31,70478172.0,322
TSLA,2014-03-31,77650954.0,378
TSLA,2014-06-30,66497509.0,392
TSLA,2014-09-30,66094718.0,418
TSLA,2014-12-31,62595789.0,362
TSLA,2015-03-31,77732212.0,424
TSLA,2015-06-30,76880092.0,463
TSLA,2015-09-30,70747364.0,395
TSLA,2015-12-31,66770052.0,392
TSLA,2016-03-31,56519758.0,431
TSLA,2016-06-30,76152829.0,432
TSLA,2016-09-30,90579984.0,480
TSLA,2016-12-31,98317483.0,532
TSLA,2017-03-31,104210851.0,568
TSLA,2017-06-30,93640553.0,621
TSLA,2017-09-30,93419695.0,645
TSLA,2017-12-31,97171286.0,673
TSLA,2018-03-31,102124270.0,697
TSLA,2018-06-30,94892232.0,691
TSLA,2018-09-30,101095485.0,659
TSLA,2018-12-31,106388237.0,747
TSLA,2019-03-31,95158914.0,723
TSLA,2019-06-30,81964808.0,661
TSLA,2019-09-30,94127459.0,646
TSLA,2019-12-31,83890405.0,827
TSLA,2020-03-31,90630987.0,986
TSLA,2020-06-30,95025802.0,1242
TSLA,2020-09-30,310963334.0,1355
TSLA,2020-12-31,343680810.0,1589
TSLA,2021-03-31,311398566.0,1701
TSLA,2021-06-30,276319646.0,1745
TSLA,2021-09-30,263383954.0,1721
TSLA,2021-12-31,412898749.0,2338
TSLA,2022-03-31,286466688.0,2199
TSLA,2022-06-30,293153010.0,2083
TSLA,2022-09-30,1225042485.0,2445
TSLA,2022-12-31,1521385404.0,2221
TSLA,2023-03-31,1358345277.0,2468
TSLA,2023-06-30,1290155211.0,2628
TSLA,2023-09-30,1282241114.0,2639
TSLA,2024-03-31,1349939738.0,2673
TSLA,2024-06-30,1427346696.0,2747
TSLA,2024-09-30,1410989077.0,2961
TSLA,2024-12-31,1510916772.0,3583
TSLA,2025-03-31,1494081847.0,3352
TSLA,2025-06-30,1525856976.0,3496
TSLA,2025-09-30,1529496307.0,3729
TSLA,2025-12-31,1310161245.0,3625
TSLA,2026-03-31,1248464518.0,4012
UNH,2013-06-30,819514704.0,713
UNH,2013-09-30,849200461.0,770
UNH,2013-12-31,836164985.0,831
UNH,2014-03-31,848852670.0,837
UNH,2014-06-30,838763261.0,842
UNH,2014-09-30,834138777.0,865
UNH,2014-12-31,668671086.0,843
UNH,2015-03-31,810927964.0,1033
UNH,2015-06-30,806103235.0,1060
UNH,2015-09-30,562015751.0,931
UNH,2015-12-31,620279267.0,904
UNH,2016-03-31,548986413.0,942
UNH,2016-06-30,557265109.0,961
UNH,2016-09-30,777451081.0,1088
UNH,2016-12-31,736546721.0,1204
UNH,2017-03-31,820247540.0,1297
UNH,2017-06-30,820628655.0,1306
UNH,2017-09-30,823061093.0,1356
UNH,2017-12-31,824240838.0,1476
UNH,2018-03-31,805513975.0,1528
UNH,2018-06-30,812256627.0,1556
UNH,2018-09-30,808501241.0,1602
UNH,2018-12-31,872277880.0,1708
UNH,2019-03-31,810191483.0,1771
UNH,2019-06-30,685707951.0,1761
UNH,2019-09-30,801118921.0,1750
UNH,2019-12-31,696897368.0,1944
UNH,2020-03-31,807371552.0,1948
UNH,2020-06-30,816611833.0,2032
UNH,2020-09-30,578916522.0,1844
UNH,2020-12-31,616298363.0,1872
UNH,2021-03-31,580770027.0,2002
UNH,2021-06-30,494435182.0,2083
UNH,2021-09-30,418268176.0,1962
UNH,2021-12-31,792029557.0,2499
UNH,2022-03-31,479828085.0,2318
UNH,2022-06-30,477560578.0,2345
UNH,2022-09-30,734152449.0,2687
UNH,2022-12-31,795453369.0,2818
UNH,2023-03-31,853867259.0,2849
UNH,2023-06-30,760434388.0,2831
UNH,2023-09-30,763295098.0,2858
UNH,2024-03-31,784398082.0,3135
UNH,2024-06-30,801284374.0,3163
UNH,2024-09-30,791614282.0,3231
UNH,2024-12-31,800762961.0,3394
UNH,2025-03-31,781465244.0,3395
UNH,2025-06-30,749690087.0,2995
UNH,2025-09-30,725028782.0,2970
UNH,2025-12-31,569260780.0,2739
UNH,2026-03-31,633173869.0,2917
UPS,2013-06-30,472018183.0,821
UPS,2013-09-30,479648623.0,868
UPS,2013-12-31,481168750.0,972
UPS,2014-03-31,477668947.0,987
UPS,2014-06-30,475207922.0,998
UPS,2014-09-30,470399333.0,1011
UPS,2014-12-31,415858698.0,951
UPS,2015-03-31,468217570.0,1081
UPS,2015-06-30,465166163.0,1073
UPS,2015-09-30,362909749.0,959
UPS,2015-12-31,371592378.0,955
UPS,2016-03-31,389730474.0,1006
UPS,2016-06-30,371225212.0,995
UPS,2016-09-30,443467916.0,1113
UPS,2016-12-31,459332200.0,1184
UPS,2017-03-31,456779594.0,1181
UPS,2017-06-30,450229597.0,1157
UPS,2017-09-30,456225269.0,1195
UPS,2017-12-31,455033820.0,1285
UPS,2018-03-31,454147182.0,1321
UPS,2018-06-30,459642302.0,1317
UPS,2018-09-30,455956621.0,1338
UPS,2018-12-31,464706282.0,1313
UPS,2019-03-31,477096285.0,1415
UPS,2019-06-30,408193463.0,1349
UPS,2019-09-30,470860382.0,1388
UPS,2019-12-31,440961372.0,1504
UPS,2020-03-31,465934074.0,1498
UPS,2020-06-30,474956423.0,1532
UPS,2020-09-30,335215940.0,1522
UPS,2020-12-31,371947553.0,1545
UPS,2021-03-31,358321970.0,1617
UPS,2021-06-30,330521973.0,1685
UPS,2021-09-30,291473016.0,1562
UPS,2021-12-31,484668666.0,1970
UPS,2022-03-31,325776572.0,1821
UPS,2022-06-30,362883450.0,1762
UPS,2022-09-30,472335915.0,1940
UPS,2022-12-31,505282289.0,2025
UPS,2023-03-31,500996077.0,2102
UPS,2023-06-30,480607131.0,2051
UPS,2023-09-30,483902113.0,2028
UPS,2024-03-31,501293284.0,2083
UPS,2024-06-30,512655864.0,2054
UPS,2024-09-30,513631930.0,2035
UPS,2024-12-31,510401239.0,2150
UPS,2025-03-31,489222521.0,2081
UPS,2025-06-30,485000071.0,2011
UPS,2025-09-30,466554557.0,1828
UPS,2025-12-31,404432722.0,1789
UPS,2026-03-31,418031620.0,2027
V,2013-06-30,404760809.0,856
V,2013-09-30,428984056.0,922
V,2013-12-31,428595946.0,983
V,2014-03-31,435728497.0,1012
V,2014-06-30,432510099.0,999
V,2014-09-30,433489450.0,1004
V,2014-12-31,368492814.0,959
V,2015-03-31,1737414308.0,1173
V,2015-06-30,1732508228.0,1199
V,2015-09-30,1412973645.0,1077
V,2015-12-31,1355753440.0,1093
V,2016-03-31,1226857070.0,1134
V,2016-06-30,1327891500.0,1153
V,2016-09-30,1620885767.0,1329
V,2016-12-31,1600458594.0,1398
V,2017-03-31,1678123336.0,1515
V,2017-06-30,1672788722.0,1524
V,2017-09-30,1661524296.0,1602
V,2017-12-31,1640721706.0,1751
V,2018-03-31,1610314316.0,1854
V,2018-06-30,1602870068.0,1860
V,2018-09-30,1582728567.0,1912
V,2018-12-31,1636661090.0,2029
V,2019-03-31,1605984564.0,2128
V,2019-06-30,1330899684.0,2117
V,2019-09-30,1576351434.0,2182
V,2019-12-31,1503730022.0,2376
V,2020-03-31,1558159217.0,2404
V,2020-06-30,1555932238.0,2475
V,2020-09-30,1120526584.0,2245
V,2020-12-31,1125966442.0,2248
V,2021-03-31,1096284516.0,2355
V,2021-06-30,1044106597.0,2412
V,2021-09-30,941128777.0,2292
V,2021-12-31,1495299626.0,2826
V,2022-03-31,1034528169.0,2556
V,2022-06-30,971093268.0,2492
V,2022-09-30,1408390328.0,2832
V,2022-12-31,1495262169.0,3037
V,2023-03-31,1573227762.0,3121
V,2023-06-30,1431262023.0,3140
V,2023-09-30,1416044678.0,3175
V,2024-03-31,1486062244.0,3546
V,2024-06-30,1502374400.0,3548
V,2024-09-30,1482645348.0,3590
V,2024-12-31,1507281026.0,3934
V,2025-03-31,1468993752.0,4012
V,2025-06-30,1437096385.0,4079
V,2025-09-30,1455724607.0,4033
V,2025-12-31,1127368708.0,3850
V,2026-03-31,1266207092.0,4267
VZ,2013-06-30,1505990240.0,1128
VZ,2013-09-30,1559549972.0,1201
VZ,2013-12-31,1579907450.0,1282
VZ,2014-03-31,2507201971.0,1474
VZ,2014-06-30,2471515099.0,1415
VZ,2014-09-30,2498214997.0,1449
VZ,2014-12-31,2207617185.0,1357
VZ,2015-03-31,2495680346.0,1532
VZ,2015-06-30,2487528597.0,1541
VZ,2015-09-30,1736081929.0,1388
VZ,2015-12-31,2002904594.0,1370
VZ,2016-03-31,1896762526.0,1431
VZ,2016-06-30,1860627377.0,1424
VZ,2016-09-30,2437117096.0,1547
VZ,2016-12-31,2242449911.0,1631
VZ,2017-03-31,2496541666.0,1698
VZ,2017-06-30,2483933292.0,1643
VZ,2017-09-30,2533321775.0,1644
VZ,2017-12-31,2553650702.0,1795
VZ,2018-03-31,2587514663.0,1862
VZ,2018-06-30,2599246953.0,1855
VZ,2018-09-30,2603533573.0,1908
VZ,2018-12-31,2647313397.0,2071
VZ,2019-03-31,2686360707.0,2140
VZ,2019-06-30,2257262356.0,2094
VZ,2019-09-30,2656318098.0,2134
VZ,2019-12-31,2548497614.0,2328
VZ,2020-03-31,2644408672.0,2318
VZ,2020-06-30,2652004057.0,2367
VZ,2020-09-30,1958279419.0,2193
VZ,2020-12-31,1995054661.0,2181
VZ,2021-03-31,1893216536.0,2293
VZ,2021-06-30,1718603058.0,2312
VZ,2021-09-30,1533324313.0,2172
VZ,2021-12-31,2562476736.0,2574
VZ,2022-03-31,1820895714.0,2414
VZ,2022-06-30,1812759991.0,2396
VZ,2022-09-30,2336866782.0,2470
VZ,2022-12-31,2550495475.0,2523
VZ,2023-03-31,2564471292.0,2582
VZ,2023-06-30,2474736246.0,2489
VZ,2023-09-30,2390334037.0,2363
VZ,2024-03-31,2560105019.0,2665
VZ,2024-06-30,2611183441.0,2675
VZ,2024-09-30,2565911520.0,2695
VZ,2024-12-31,2672536199.0,2805
VZ,2025-03-31,2633856615.0,2857
VZ,2025-06-30,2685715543.0,2847
VZ,2025-09-30,2721109511.0,2841
VZ,2025-12-31,2375032936.0,2629
VZ,2026-03-31,2301507782.0,3121
WELL,2015-09-30,229730477.0,416
WELL,2015-12-31,235123580.0,448
WELL,2016-03-31,253581676.0,476
WELL,2016-06-30,264560125.0,498
WELL,2016-09-30,285268779.0,563
WELL,2016-12-31,300804360.0,578
WELL,2017-03-31,307066093.0,626
WELL,2017-06-30,305976124.0,613
WELL,2017-09-30,310438045.0,624
WELL,2017-12-31,306509513.0,665
WELL,2018-03-31,307450712.0,666
WELL,2018-06-30,312476571.0,644
WELL,2018-09-30,325621033.0,652
WELL,2018-12-31,329334810.0,666
WELL,2019-03-31,350630065.0,733
WELL,2019-06-30,305553974.0,724
WELL,2019-09-30,353457895.0,741
WELL,2019-12-31,362022303.0,779
WELL,2020-03-31,366151380.0,683
WELL,2020-06-30,367712045.0,673
WELL,2020-09-30,246279892.0,576
WELL,2020-12-31,267760102.0,542
WELL,2021-03-31,267372179.0,569
WELL,2021-06-30,263900791.0,595
WELL,2021-09-30,224423531.0,551
WELL,2021-12-31,403620048.0,693
WELL,2022-03-31,268434098.0,640
WELL,2022-06-30,258571408.0,627
WELL,2022-09-30,408111517.0,699
WELL,2022-12-31,462749089.0,708
WELL,2023-03-31,459371967.0,695
WELL,2023-06-30,465276064.0,726
WELL,2023-09-30,473578255.0,744
WELL,2024-03-31,531207830.0,887
WELL,2024-06-30,580672844.0,938
WELL,2024-09-30,560898023.0,987
WELL,2024-12-31,612538326.0,1053
WELL,2025-03-31,590723979.0,1156
WELL,2025-06-30,633717464.0,1187
WELL,2025-09-30,617623638.0,1255
WELL,2025-12-31,540686733.0,1189
WELL,2026-03-31,551352066.0,1431
WMB,2013-06-30,517058502.0,538
WMB,2013-09-30,536906942.0,585
WMB,2013-12-31,535536505.0,621
WMB,2014-03-31,542963274.0,657
WMB,2014-06-30,613290737.0,736
WMB,2014-09-30,610033739.0,726
WMB,2014-12-31,431487578.0,628
WMB,2015-03-31,624977635.0,750
WMB,2015-06-30,631113770.0,788
WMB,2015-09-30,379392106.0,607
WMB,2015-12-31,332978209.0,507
WMB,2016-03-31,369463281.0,456
WMB,2016-06-30,410784737.0,448
WMB,2016-09-30,619695116.0,582
WMB,2016-12-31,623508900.0,625
WMB,2017-03-31,686768642.0,654
WMB,2017-06-30,702479958.0,640
WMB,2017-09-30,693296991.0,651
WMB,2017-12-31,702874990.0,666
WMB,2018-03-31,702180534.0,670
WMB,2018-06-30,705701481.0,667
WMB,2018-09-30,1046291223.0,785
WMB,2018-12-31,1018959016.0,723
WMB,2019-03-31,1064376753.0,783
WMB,2019-06-30,890813553.0,775
WMB,2019-09-30,1040965645.0,763
WMB,2019-12-31,1009879553.0,776
WMB,2020-03-31,1011352375.0,741
WMB,2020-06-30,1004816408.0,736
WMB,2020-09-30,728851688.0,665
WMB,2020-12-31,713578886.0,635
WMB,2021-03-31,737812518.0,700
WMB,2021-06-30,723731872.0,761
WMB,2021-09-30,605289572.0,692
WMB,2021-12-31,999062475.0,913
WMB,2022-03-31,700594601.0,859
WMB,2022-06-30,728984659.0,878
WMB,2022-09-30,919484058.0,1004
WMB,2022-12-31,1028572683.0,1046
WMB,2023-03-31,1026042115.0,1056
WMB,2023-06-30,1016238628.0,1038
WMB,2023-09-30,1018678315.0,1055
WMB,2024-03-31,1046135609.0,1163
WMB,2024-06-30,1051340450.0,1237
WMB,2024-09-30,1038039064.0,1257
WMB,2024-12-31,1046269098.0,1428
WMB,2025-03-31,1041444615.0,1487
WMB,2025-06-30,1016220919.0,1563
WMB,2025-09-30,1035258642.0,1528
WMB,2025-12-31,777652114.0,1399
WMB,2026-03-31,855845526.0,1748
WMT,2013-06-30,874094569.0,1136
WMT,2013-09-30,937097002.0,1205
WMT,2013-12-31,921551232.0,1298
WMT,2014-03-31,944590544.0,1283
WMT,2014-06-30,943860651.0,1287
WMT,2014-09-30,965838677.0,1262
WMT,2014-12-31,786339150.0,1218
WMT,2015-03-31,970509314.0,1391
WMT,2015-06-30,966198679.0,1378
WMT,2015-09-30,703494460.0,1204
WMT,2015-12-31,637872039.0,1143
WMT,2016-03-31,732705444.0,1200
WMT,2016-06-30,703128917.0,1208
WMT,2016-09-30,858880076.0,1364
WMT,2016-12-31,878912623.0,1368
WMT,2017-03-31,895274071.0,1407
WMT,2017-06-30,888080129.0,1408
WMT,2017-09-30,891432523.0,1428
WMT,2017-12-31,880160306.0,1596
WMT,2018-03-31,868137217.0,1647
WMT,2018-06-30,857748941.0,1622
WMT,2018-09-30,846064678.0,1671
WMT,2018-12-31,843031201.0,1759
WMT,2019-03-31,850118803.0,1809
WMT,2019-06-30,731857041.0,1783
WMT,2019-09-30,850657763.0,1834
WMT,2019-12-31,837152782.0,1982
WMT,2020-03-31,840970317.0,1985
WMT,2020-06-30,822279925.0,2037
WMT,2020-09-30,584905830.0,1949
WMT,2020-12-31,639753385.0,1969
WMT,2021-03-31,611891056.0,2043
WMT,2021-06-30,594676910.0,2087
WMT,2021-09-30,550988374.0,1978
WMT,2021-12-31,825871170.0,2387
WMT,2022-03-31,597503431.0,2215
WMT,2022-06-30,577064963.0,2141
WMT,2022-09-30,759501741.0,2366
WMT,2022-12-31,847739059.0,2537
WMT,2023-03-31,843002133.0,2639
WMT,2023-06-30,855975173.0,2633
WMT,2023-09-30,853783100.0,2685
WMT,2024-03-31,2656994388.0,3008
WMT,2024-06-30,2747812436.0,3109
WMT,2024-09-30,2696574425.0,3249
WMT,2024-12-31,2805070786.0,3644
WMT,2025-03-31,2720767621.0,3677
WMT,2025-06-30,2724607150.0,3772
WMT,2025-09-30,2775851304.0,3823
WMT,2025-12-31,2369984206.0,3755
WMT,2026-03-31,2277400843.0,4291
XEL,2013-06-30,312033669.0,412
XEL,2013-09-30,322909771.0,422
XEL,2013-12-31,325781427.0,441
XEL,2014-03-31,332816438.0,456
XEL,2014-06-30,340427169.0,459
XEL,2014-09-30,345587404.0,470
XEL,2014-12-31,304166067.0,431
XEL,2015-03-31,340961958.0,508
XEL,2015-06-30,348124139.0,487
XEL,2015-09-30,271849852.0,434
XEL,2015-12-31,274799746.0,434
XEL,2016-03-31,287316276.0,451
XEL,2016-06-30,283432545.0,481
XEL,2016-09-30,344177059.0,519
XEL,2016-12-31,348640054.0,545
XEL,2017-03-31,358904431.0,579
XEL,2017-06-30,362991602.0,566
XEL,2017-09-30,368183908.0,580
XEL,2017-12-31,369669115.0,634
XEL,2018-03-31,370609313.0,649
XEL,2018-06-30,368982711.0,640
XEL,2018-09-30,372760939.0,640
XEL,2018-12-31,382726825.0,682
XEL,2019-03-31,393532462.0,728
XEL,2019-06-30,321348644.0,718
XEL,2019-09-30,400352004.0,741
XEL,2019-12-31,396929191.0,771
XEL,2020-03-31,403077657.0,788
XEL,2020-06-30,405509152.0,771
XEL,2020-09-30,314884920.0,704
XEL,2020-12-31,329281125.0,671
XEL,2021-03-31,315629221.0,654
XEL,2021-06-30,291679883.0,664
XEL,2021-09-30,282963006.0,606
XEL,2021-12-31,400901618.0,798
XEL,2022-03-31,259328883.0,711
XEL,2022-06-30,278025181.0,740
XEL,2022-09-30,384163473.0,839
XEL,2022-12-31,416787787.0,882
XEL,2023-03-31,424980383.0,888
XEL,2023-06-30,410141878.0,870
XEL,2023-09-30,419123773.0,844
XEL,2024-03-31,431980389.0,924
XEL,2024-06-30,430428837.0,907
XEL,2024-09-30,447612110.0,959
XEL,2024-12-31,484188791.0,1043
XEL,2025-03-31,488016874.0,1078
XEL,2025-06-30,501954938.0,1071
XEL,2025-09-30,530704309.0,1116
XEL,2025-12-31,417386125.0,1023
XEL,2026-03-31,443969364.0,1218
